cluster_id,n,unsigned,members,keep_if_same,drop_if_same,archief,fonds,signatuur,date,extra_info
m57,6,1,57o.png|58o.png|59o.png|60o.png|61o.png|62o.png,57o.png,58o.png|59o.png|60o.png|61o.png|62o.png,Rotterdam,,—,xxxx-xx-xx,Reinaert-fragmenten
m2,3,1,2o.png|3o.png|4o.png,2o.png,3o.png|4o.png,Algemeen Rijksarchief Den Haag,Grafelijkheid,—,1268-10-24,
m23,2,1,23o.png|24o.png,23o.png,24o.png,RA Gent,Sint-Baafs,—,126x-xx-xx,
m25,2,1,25o.png|26o.png,25o.png,26o.png,RA Gent,Sint-Michielskerk,—,126x-04-xx,
m33,2,0,33o.png|34o.png,33o.png,34o.png,RA Gent,fonds Gent,"6, 34 v° | 6, 34 r°",12xx-xx-xx,
m35,10,1,35o.png|36o.png|37o.png|38o.png|39o.png|40o.png|41o.png|42o.png|43o.png|44o.png,35o.png,36o.png|37o.png|38o.png|39o.png|40o.png|41o.png|42o.png|43o.png|44o.png,keure van Middelburg,,—,1254-xx-xx,
m45,4,1,45o.png|46o.png|47o.png|48o.png,45o.png,46o.png|47o.png|48o.png,Rijsel,B,—,1444-xx-xx,
m49,2,1,49o.png|50o.png,49o.png,50o.png,Karmelietenklooster Brugge,keure ambacht zwartledertouwers Brugge,—,13xx-xx-xx,
m51,6,0,51o.png|52o.png|53o.png|54o.png|55o.png|56o.png,51o.png,52o.png|53o.png|54o.png|55o.png|56o.png,oudste leenregister van Holland,,f° 34 v° | f° 34 r° | f° 17 v° | f° 54 v° | f° 1 r° | f° 46 r°,xxxx-xx-xx,handen B E F
m103,2,1,103o.png|104o.png,103o.png,104o.png,SA Gent,Groot Begijnhof,—,127x-xx-xx,
m134,2,1,134o.png|135o.png,134o.png,135o.png,COO Brussel,Sint-Janshospitaal,—,1277-06-11,
m153,2,1,153o.png|154o.png,153o.png,154o.png,RA Gent,Sint-Pietersabdij,—,1278-01-31,
m166,2,1,166o.png|167o.png,166o.png,167o.png,Algemeen Rijksarchief Den Haag,Zeeland,—,1278-08-15,
m179,2,1,179o.png|180o.png,179o.png,180o.png,Potterie Brugge,,—,1279-06-02,
m184,2,1,184o.png|185o.png,184o.png,185o.png,Spermalie Brugge,,—,1279-07-01,
m232,2,1,232o.png|233o.png,232o.png,233o.png,Spermalie Brugge,,—,1282-11-20,
m281,3,1,281o.png|282o.png|283o.png,281o.png,282o.png|283o.png,Sint-Janshospitaal Brugge,,—,1281-05-10,
m294,2,1,294o.png|295o.png,294o.png,295o.png,Bisdom Brugge,Urbanisten,—,1281-02-21,
m304,5,1,304o.png|305o.png|306o.png|307o.png|308o.png,304o.png,305o.png|306o.png|307o.png|308o.png,RA Gent,Rijke Gasthuis,—,1281-07-06,
m336,2,1,336o.png|337o.png,336o.png,337o.png,SA Gent,Stadscharters,—,128x-xx-xx,
m350,5,1,350o.png|351o.png|352o.png|353o.png|354o.png,350o.png,351o.png|352o.png|353o.png|354o.png,Algemeen Rijksarchief Den Haag,Grafelijkheid,—,1285-10-27,
m360,2,1,360o.png|361o.png,360o.png,361o.png,Sint-Janshospitaal Brugge,,—,1285-11-24,
m390,5,1,390o.png|391o.png|392o.png|393o.png|394o.png,390o.png,391o.png|392o.png|393o.png|394o.png,Schoonhoven,,—,1284-07-25,
m416,2,1,416o.png|417o.png,416o.png,417o.png,C.O.O. Brugge,Magdalenahospitaal,—,1284-12-09,
m433,2,1,433o.png|434o.png,433o.png,434o.png,Groot Seminarie Brugge,Ter Duinen,—,1284-05-06,
m475,2,1,475o.png|476o.png,475o.png,476o.png,Algemeen Rijksarchief Den Haag,Zeeland,—,1286-04-07,
m525,2,1,525o.png|526o.png,525o.png,526o.png,Sint-Janshospitaal Brugge,,—,1288-02-20,
m545,2,0,545o.png|546o.png,545o.png,546o.png,ARA Brussel,rolrekening,1999 | 1998,12xx-xx-xx,
m563,2,0,563o.png|564o.png,563o.png,564o.png,Algemeen Rijksarchief Den Haag,Henegouwen,37 | —,1288-03-21,
m573,8,1,573o.png|574o.png|575o.png|576o.png|577o.png|578o.png|579o.png|580o.png,573o.png,574o.png|575o.png|576o.png|577o.png|578o.png|579o.png|580o.png,Groot Seminarie Brugge,Ter Duinen,—,1288-05-07,
m626,2,0,626o.png|627o.png,626o.png,627o.png,Gemeentearchief Utrecht,,n° 276 | n° 64,1289-12-12,
m632,2,1,632o.png|633o.png,632o.png,633o.png,Groot Seminarie Brugge,Ter Duinen,—,1298-01-15,
m638,2,1,638o.png|639o.png,638o.png,639o.png,Groot Seminarie Brugge,Ter Duinen,—,1299-05-02,
m717,2,1,717o.png|718o.png,717o.png,718o.png,RA Antwerpen,Pitsenburg,—,1297-03-28,
m735,3,1,735o.png|736o.png|737o.png,735o.png,736o.png|737o.png,Sint-Janshospitaal Brugge,,—,1294-11-06,
m783,2,1,783o.png|784o.png,783o.png,784o.png,Sint-Janshospitaal Brugge,,—,1298-05-08,
m788,2,1,788o.png|789o.png,788o.png,789o.png,Sint-Janshospitaal Brugge,,—,1297-03-01,
m799,2,1,799o.png|800o.png,799o.png,800o.png,Sint-Janshospitaal Brugge,,—,1296-08-05,
m810,3,1,810o.png|811o.png|812o.png,810o.png,811o.png|812o.png,Sint-Janshospitaal Brugge,,—,1295-12-17,
m866,2,0,866o.png|867o.png,866o.png,867o.png,SA Brugge,,1306/177 | 1306/176,1300-06-24,
m890,2,1,890o.png|891o.png,890o.png,891o.png,AB Mechelen,Beggaarden,—,1291-05-16,
m898,2,1,898o.png|899o.png,898o.png,899o.png,AB Mechelen,Blijdenberg,—,1291-04-08,
m905,2,1,905o.png|906o.png,905o.png,906o.png,Potterie Brugge,,—,1292-03-01,
m907,2,1,907o.png|908o.png,907o.png,908o.png,Potterie Brugge,,—,1292-03-xx,
m917,2,1,917o.png|918o.png,917o.png,918o.png,Potterie Brugge,,—,1294-01-16,
m919,2,1,919o.png|920o.png,919o.png,920o.png,Potterie Brugge,,—,1294-02-12,
m927,2,1,927o.png|928o.png,927o.png,928o.png,Potterie Brugge,,—,1297-04-15,
m952,2,1,952o.png|953o.png,952o.png,953o.png,Sint-Janshospitaal Brugge,,—,1295-06-08,
m979,2,1,979o.png|980o.png,979o.png,980o.png,Sint-Janshospitaal Brugge,,—,1291-03-24,
m990,2,1,990o.png|991o.png,990o.png,991o.png,Sint-Janshospitaal Brugge,,—,1290-07-02,
m999,2,1,999o.png|1000o.png,999o.png,1000o.png,C.O.O. Brugge,Magdalenahospitaal,—,1290-06-01,
m1022,2,1,1022o.png|1023o.png,1022o.png,1023o.png,RA Gent,Rijke Klaren,—,1291-03-13,
m1039,2,1,1039o.png|1040o.png,1039o.png,1040o.png,RA Gent,Rijke Gasthuis,—,1293-05-02,
m1178,2,1,1178o.png|1179o.png,1178o.png,1179o.png,Rijksarchief Maastricht,Predikheren,—,1294-04-06,
m1180,2,1,1180o.png|1181o.png,1180o.png,1181o.png,Rijksarchief Maastricht,Predikheren,—,1294-04-04,
m1183,2,1,1183o.png|1184o.png,1183o.png,1184o.png,Schoonhoven,,—,1290-06-12,
m1192,2,1,1192o.png|1193o.png,1192o.png,1193o.png,Zieriksee,,—,1297-03-02,
m1196,2,1,1196o.png|1197o.png,1196o.png,1197o.png,Zieriksee,,—,1300-05-05,
m1217,2,1,1217o.png|1218o.png,1217o.png,1218o.png,Algemeen Rijksarchief Den Haag,Grafelijkheid,—,1292-02-06,
m1228,2,1,1228o.png|1229o.png,1228o.png,1229o.png,Algemeen Rijksarchief Den Haag,Zeeland,—,1291-03-05,
m1249,2,1,1249o.png|1250o.png,1249o.png,1250o.png,Algemeen Rijksarchief Den Haag,Grafelijkheid,—,1293-05-07,
m1256,2,1,1256o.png|1257o.png,1256o.png,1257o.png,Algemeen Rijksarchief Den Haag,Leeuwenhorst,—,1297-07-18,
m1275,2,1,1275o.png|1276o.png,1275o.png,1276o.png,Algemeen Rijksarchief Den Haag,Rijnsburg,—,1299-07-26,
m1279,2,0,1279o.png|1280o.png,1279o.png,1280o.png,Algemeen Rijksarchief Den Haag,Nassause Domeinraad II,1306 | 5,1299-06-16,
m1299,2,1,1299o.png|1300o.png,1299o.png,1300o.png,Algemeen Rijksarchief Den Haag,Henegouwen,—,1300-01-06,
m1301,2,1,1301o.png|1302o.png,1301o.png,1302o.png,Algemeen Rijksarchief Den Haag,Grafelijkheid,—,1299-12-23,
m1311,2,1,1311o.png|1312o.png,1311o.png,1312o.png,Algemeen Rijksarchief Den Haag,Grafelijkheid,—,1299-10-17,
m1341,2,1,1341o.png|1342o.png,1341o.png,1342o.png,Algemeen Rijksarchief Den Haag,Heusden,—,1290-05-31,
m1351,3,1,1351o.png|1352o.png|1353o.png,1351o.png,1352o.png|1353o.png,COO Brussel,Armen Sint-Goedele,—,1298-01-26,
