volgnummer,recto,decision,reason,series_first,archief,fonds,signatuur,jaar,maand,dag,extra_info
1,1o.png,keep,,,Algemeen Rijksarchief Den Haag,Grafelijkheid,,1269,11,02,kopie eind 13de eeuw
2,2o.png,keep,,,Algemeen Rijksarchief Den Haag,Grafelijkheid,,1268,10,24,
3,3o.png,keep,,,Algemeen Rijksarchief Den Haag,Grafelijkheid,,1268,10,24,
4,4o.png,keep,,,Algemeen Rijksarchief Den Haag,Grafelijkheid,,1268,10,24,
5,5o.png,keep,,,Groot Seminarie Brugge,Ter Duinen,,1269,01,12,
6,6o.png,keep,,,Groot Seminarie Brugge,Eekhout,,1269,04,26,
7,7o.png,keep,,,Groot Seminarie Brugge,Ter Duinen,,1269,07,09,
8,8o.png,keep,,,RA Brugge,Vrije,33,1269,07,13,
9,9o.png,keep,,,C.O.O. Brugge,Magdalenahospitaal,,1269,11,01,
10,10o.png,keep,,,Groot Seminarie Brugge,Ter Duinen,,1267,07,16,
11,11o.png,keep,,,C.O.O. Brugge,Magdalenahospitaal,,1267,10,08,
12,12o.png,keep,,,RA Gent,Sint-Elizabeth,,1267,05,xx,
13,13o.png,keep,,,Groot Seminarie Brugge,Eekhout,,1267,02,05,
14,14o.png,keep,,,C.O.O. Brugge,Magdalenahospitaal,,1267,02,18,
15,15o.png,keep,,,RA Gent,Sint-Pietersabdij,,1267,07,12,
16,16o.png,keep,,,Groot Seminarie Brugge,Ter Duinen,,1267,04,30,
17,17o.png,keep,,,SA Gent,Sint-Jans-ten-Dullen,,1260,12,25,
18,18o.png,keep,,,SA Gent,Stadscharters,,126x,04,xx,
19,19o.png,keep,,,Groot Seminarie Brugge,Ter Duinen,944,1263,05,xx,vertaling midden 14e
20,20o.png,keep,,,RA Brugge,blauw,3168,1264,07,30,
21,21o.png,keep,,,Klein Begijnhof,Gent,,1266,06,19,
22,22o.png,keep,,,C.O.O. Brugge,Magdalenahospitaal,,1266,11,06,
23,23o.png,keep,,,RA Gent,Sint-Baafs,,126x,xx,xx,
24,24o.png,keep,,,RA Gent,Sint-Baafs,,126x,xx,xx,
25,25o.png,keep,,,RA Gent,Sint-Michielskerk,,126x,04,xx,
26,26o.png,keep,,,RA Gent,Sint-Michielskerk,,126x,04,xx,
27,27o.png,keep,,,RA Gent,Onze-Lieve-Vrouwkerk Gent,,126x,04,xx,
28,28o.png,keep,,,ARA Brussel,Kerkelijk fonds,5885,126x,03,xx,
29,29o.png,keep,,,RA Gent,Sint-Baafs,,12xx,xx,xx,
30,30o.png,keep,,,Stadsarchief Mechelen,statuten broederschap Sint Elooi,,12xx,xx,xx,kopie begin 14e
31,31o.png,keep,,,RA Mons,cart.,"29, 46 r°",1254,3,01,kopie ± 1280
32,32o.png,keep,,,SA Mechelen,,,1254,12,21,vertaling 1e kwart 14e
33,33o.png,keep,,,RA Gent,fonds Gent,"6, 34 v°",12xx,xx,xx,
34,34o.png,keep,,,RA Gent,fonds Gent,"6, 34 r°",12xx,xx,xx,
35,35o.png,keep,,,keure van Middelburg,,,1254,xx,xx,
36,36o.png,keep,,,keure van Middelburg,,,1254,xx,xx,
37,37o.png,keep,,,keure van Middelburg,,,1254,xx,xx,
38,38o.png,keep,,,keure van Middelburg,,,1254,xx,xx,
39,39o.png,keep,,,keure van Middelburg,,,1254,xx,xx,
40,40o.png,keep,,,keure van Middelburg,,,1254,xx,xx,
41,41o.png,keep,,,keure van Middelburg,,,1254,xx,xx,
42,42o.png,keep,,,keure van Middelburg,,,1254,xx,xx,
43,43o.png,keep,,,keure van Middelburg,,,1254,xx,xx,
44,44o.png,keep,,,keure van Middelburg,,,1254,xx,xx,
45,45o.png,keep,,,Rijsel,B,,1444,xx,xx,
46,46o.png,keep,,,Rijsel,B,,1444,xx,xx,
47,47o.png,keep,,,Rijsel,B,,1444,xx,xx,
48,48o.png,keep,,,Rijsel,B,,1444,xx,xx,
49,49o.png,keep,,,Karmelietenklooster Brugge,keure ambacht zwartledertouwers Brugge,,13xx,xx,xx,
50,50o.png,keep,,,Karmelietenklooster Brugge,keure ambacht zwartledertouwers Brugge,,13xx,xx,xx,
51,51o.png,keep,,,oudste leenregister van Holland,,f° 34 v°,xxxx,xx,xx,handen B E F
52,52o.png,keep,,,oudste leenregister van Holland,,f° 34 r°,xxxx,xx,xx,hand E
53,53o.png,keep,,,oudste leenregister van Holland,,f° 17 v°,xxxx,xx,xx,hand D
54,54o.png,keep,,,oudste leenregister van Holland,,f° 54 v°,xxxx,xx,xx,hand C
55,55o.png,keep,,,oudste leenregister van Holland,,f° 1 r°,xxxx,xx,xx,hand B
56,56o.png,keep,,,oudste leenregister van Holland,,f° 46 r°,xxxx,xx,xx,hand A
57,57o.png,keep,,,Rotterdam,,,xxxx,xx,xx,Reinaert-fragmenten
58,58o.png,keep,,,Rotterdam,,,xxxx,xx,xx,Reinaert-fragmenten
59,59o.png,keep,,,Rotterdam,,,xxxx,xx,xx,Reinaert-fragmenten
60,60o.png,keep,,,Rotterdam,,,xxxx,xx,xx,Reinaert-fragmenten
61,61o.png,keep,,,Rotterdam,,,xxxx,xx,xx,Reinaert-fragmenten
62,62o.png,keep,,,Rotterdam,,,xxxx,xx,xx,Reinaert-fragmenten
63,63o.png,keep,,,RA Gent,Rijke Gasthuis,,1236,xx,xx,Statuten Gentse leprozerie van 1236
64,64o.png,keep,,,RA Gent,Piers de Raveschoot,941 bis,12x1,03,xx,vertaling 4e kwart 13e
65,65o.png,keep,,,RA Gent,Saint-Genois,241,1278,12,31,
66,66o.png,keep,,,C.O.O. Brugge,Dis Sint-Gillis,,1270,04,04,
67,67o.png,keep,,,Groot Seminarie Brugge,Ter Duinen,,1270,05,30,
68,68o.png,keep,,,RA Brugge,Vrije,34,1270,07,15,
69,69o.png,keep,,,SA Gent,,"163, 1 r°",12xx,08,22,
70,70o.png,keep,,,SA Gent,,"163, 12 r°",1270,08,22,
71,71o.png,keep,,,Groot Seminarie Brugge,Ter Duinen,,1270,08,xx,
72,72o.png,keep,,,Stadsarchief Mechelen,Weverskeure,,1270,09,29,
73,73o.png,keep,,,Sint-Janshospitaal Brugge,,,1271,01,23,
74,74o.png,keep,,,Sint-Janshospitaal Brugge,,,1271,01,23,
75,75o.png,keep,,,Sint-Janshospitaal Brugge,,,1271,01,23,
76,76o.png,keep,,,Groot Seminarie Brugge,Ter Duinen,,1271,02,28,
77,77o.png,keep,,,Groot Seminarie Brugge,Ter Duinen,,127x,04,xx,
78,78o.png,keep,,,Schoonhoven,,,1271,05,01,
79,79o.png,keep,,,C.O.O. Brugge,Magdalenahospitaal,,1271,05,22,
80,80o.png,keep,,,RA Brugge,Vrije,35,1271,11,14,
81,81o.png,keep,,,Groot Seminarie Brugge,Ter Duinen,,1272,02,13,
82,82o.png,keep,,,Sint-Janshospitaal Brugge,,,1272,02,13,
83,83o.png,keep,,,Potterie Brugge,,,1272,02,xx,
84,84o.png,keep,,,Bisdom Brugge,Urbanisten,,1272,02,xx,
85,85o.png,keep,,,Algemeen Rijksarchief Den Haag,Grafelijkheid,,1272,03,18,
86,86o.png,keep,,,SA Gent,,"163, 13 r°",1272,04,27,
87,87o.png,keep,,,Bisdom Brugge,Urbanisten,,1272,05,xx,
88,88o.png,keep,,,SA Gent,Bijloke,,1272,08,22,
89,89o.png,keep,,,Potterie Brugge,,,1273,01,14,
90,90o.png,keep,,,Potterie Brugge,,,1273,01,21,
91,91o.png,keep,,,C.O.O. Brugge,Begijnhof,,1273,02,20,
92,92o.png,keep,,,C.O.O. Brugge,Begijnhof,,1273,02,23,
93,93o.png,keep,,,C.O.O. Brugge,Begijnhof,,1273,03,25,
94,94o.png,keep,,,RA Brugge,Vrije,37,1273,06,03,
95,95o.png,keep,,,SA Brugge,Bogaarden II,1,1273,06,03,
96,96o.png,keep,,,SA Gent,Stadscharters,,1273,06,04,
97,97o.png,keep,,,Algemeen Rijksarchief Den Haag,Zeeland,,1273,06,18,
98,98o.png,keep,,,Potterie Brugge,,,1273,10,28,
99,99o.png,keep,,,Sint-Janshospitaal Brugge,,,1273,10,28,
100,100o.png,keep,,,RA Brugge,cart. O.L.Vrouwkerk,,1273,12,12,kopie ± 1300
101,101o.png,keep,,,C.O.O. Brugge,Dis Sint-Gillis,,1273,12,15,
102,102o.png,keep,,,Potterie Brugge,,,1273,12,xx,
103,103o.png,keep,,,SA Gent,Groot Begijnhof,,127x,xx,xx,
104,104o.png,keep,,,SA Gent,Groot Begijnhof,,127x,xx,xx,
105,105o.png,keep,,,Bisdom Brugge,Urbanisten,,1274,01,13,
106,106o.png,keep,,,Potterie Brugge,,,1274,03,xx,
107,107o.png,keep,,,C.O.O. Brugge,Magdalenahospitaal,,1274,04,12,
108,108o.png,keep,,,C.O.O. Brugge,Begijnhof,,1274,04,13,
109,109o.png,keep,,,RA Brugge,Vrije,900,1274,05,26,
110,110o.png,keep,,,RA Gent,Sint-Baafs,,1274,08,26,
111,111o.png,keep,,,Groot Seminarie Brugge,Eekhout,,1274,09,15,
112,112o.png,keep,,,RA Brugge,blauw,3141,1274,10,20,
113,113o.png,keep,,,RA Brugge,blauw,7117,1275,02,01,
114,114o.png,keep,,,Algemeen Rijksarchief Den Haag,Grafelijkheid,,1275,04,26,
115,115o.png,keep,,,Groot Seminarie Brugge,Ter Duinen,,1275,05,31,
116,116o.png,keep,,,Potterie Brugge,,,1275,07,13,
117,117o.png,keep,,,Spermalie Brugge,,,1275,12,10,
118,118o.png,keep,,,Spermalie Brugge,,,1275,12,10,
119,119o.png,keep,,,Spermalie Brugge,,,1275,12,10,
120,120o.png,keep,,,Spermalie Brugge,,,1275,12,10,
121,121o.png,keep,,,RA Gent,Sint-Baafs,,1276,02,09,
122,122o.png,keep,,,Algemeen Rijksarchief Den Haag,Putten,,1276,04,19,
123,123o.png,keep,,,Algemeen Rijksarchief Den Haag,Putten,,1276,04,19,
124,124o.png,keep,,,Sint-Janshospitaal Brugge,,,1276,04,30,
125,125o.png,keep,,,Groot Seminarie Brugge,Eekhout,,1276,07,24,
126,126o.png,keep,,,RA Antwerpen,Sint-Bernards,,1276,07,27,
127,127o.png,keep,,,Sint-Janshospitaal Brugge,,,1276,08,01,
128,128o.png,keep,,,RA Gent,Rijke Gasthuis,,1277,01,17,
129,129o.png,keep,,,Groot Seminarie Brugge,Zonnebeke,,1277,02,19,
130,130o.png,keep,,,C.O.O. Brugge,Begijnhof,,1277,02,20,
131,131o.png,keep,,,Groot Seminarie Brugge,Zonnebeke,,1277,02,26,
132,132o.png,keep,,,Sint-Janshospitaal Brugge,,,1277,03,12,
133,133o.png,keep,,,COO Brussel,Sint-Janshospitaal,,1277,06,10,
134,134o.png,keep,,,COO Brussel,Sint-Janshospitaal,,1277,06,11,
135,135o.png,keep,,,COO Brussel,Sint-Janshospitaal,,1277,06,11,
136,136o.png,keep,,,Algemeen Rijksarchief Den Haag,Voorne,,1277,06,23,
137,137o.png,keep,,,Bornem,,,1277,07,04,
138,138o.png,keep,,,Bornem,,,1277,07,04,
139,139o.png,keep,,,Bornem,,,1277,07,04,
140,140o.png,keep,,,RA Brugge,blauw,6752,1277,07,17,
141,141o.png,keep,,,Sint-Janshospitaal Brugge,,,1277,07,18,
142,142o.png,keep,,,Sint-Janshospitaal Brugge,,,1277,07,xx,
143,143o.png,keep,,,Potterie Brugge,,,1277,08,15,
144,144o.png,keep,,,Potterie Brugge,,,1277,09,17,
145,145o.png,keep,,,RA Gent,Rijke Gasthuis,,1277,09,22,
146,146o.png,keep,,,Potterie Brugge,,,1277,09,24,
147,147o.png,keep,,,RA Gent,Rijke Gasthuis,A,1277,10,03,
148,148o.png,keep,,,Sint-Janshospitaal Brugge,,,1277,10,05,
149,149o.png,keep,,,RA Gent,Rijke Gasthuis,A,1277,10,11,"bovenaan A, onderaan A"
150,150o.png,keep,,,Potterie Brugge,,,1277,10,29,
151,151o.png,keep,,,RA Gent,Gaillard,756,1277,12,19,
152,152o.png,keep,,,RA Brugge,blauw,3251,1278,01,21,
153,153o.png,keep,,,RA Gent,Sint-Pietersabdij,,1278,01,31,
154,154o.png,keep,,,RA Gent,Sint-Pietersabdij,,1278,01,31,
155,155o.png,keep,,,Groot Seminarie Brugge,Ter Duinen,,1278,02,26,
156,156o.png,keep,,,Bisdom Brugge,Urbanisten,,1278,03,19,
157,157o.png,keep,,,Bisdom Brugge,Urbanisten,,1278,03,26,
158,158o.png,keep,,,RA Gent,Rijke Gasthuis,,1278,04,xx,
159,159o.png,keep,,,RA Gent,Nieuwenbosse,,1278,05,05,
160,160o.png,keep,,,Potterie Brugge,,,1278,05,10,
161,161o.png,keep,,,RA Gent,chron. suppl. 91,,1278,xx,xx,
162,162o.png,keep,,,Potterie Brugge,,,1278,06,15,
163,163o.png,keep,,,Groot Seminarie Brugge,Ter Duinen,,1278,06,22,
164,164o.png,keep,,,Sint-Janshospitaal Brugge,,,1278,07,29,
165,165o.png,keep,,,Algemeen Rijksarchief Den Haag,Grafelijkheid,,1278,08,28,
166,166o.png,keep,,,Algemeen Rijksarchief Den Haag,Zeeland,,1278,08,15,
167,167o.png,keep,,,Algemeen Rijksarchief Den Haag,Zeeland,,1278,08,15,
168,168o.png,keep,,,Bornem,,,1278,09,21,
169,169o.png,keep,,,RA Gent,priorij Poperinge,,1278,09,24,
170,170o.png,keep,,,Groot Seminarie Brugge,Ter Duinen,,1278,11,16,
171,171o.png,keep,,,RA Brugge,blauw,3139,1279,02,17,
172,172o.png,keep,,,RA Gent,Rijke Gasthuis,,1279,02,xx,
173,173o.png,keep,,,Potterie Brugge,,,1279,03,30,
174,174o.png,keep,,,RA Ronse,abdij Ename,,1279,03,30,
175,175o.png,keep,,,C.O.O. Brugge,Begijnhof,,1279,04,15,
176,176o.png,keep,,,Groot Seminarie Brugge,Ter Duinen,,1279,04,20,
177,177o.png,keep,,,RA Brugge,blauw,4258,1279,04,22,
178,178o.png,keep,,,Potterie Brugge,,,1279,04,28,
179,179o.png,keep,,,Potterie Brugge,,,1279,06,02,
180,180o.png,keep,,,Potterie Brugge,,,1279,06,02,
181,181o.png,keep,,,Potterie Brugge,,,1279,06,27,
182,182o.png,keep,,,Sint-Janshospitaal Brugge,,,1279,06,27,
183,183o.png,keep,,,Potterie Brugge,,,1279,06,01,
184,184o.png,keep,,,Spermalie Brugge,,,1279,07,01,
185,185o.png,keep,,,Spermalie Brugge,,,1279,07,01,
186,186o.png,keep,,,Potterie Brugge,,,1279,07,01,
187,187o.png,keep,,,C.O.O. Brugge,Begijnhof,,1279,07,07,
188,188o.png,keep,,,Potterie Brugge,,,1279,07,14,
189,189o.png,keep,,,RA Brugge,blauw,6753,1279,07,14,
190,190o.png,keep,,,Potterie Brugge,,,1279,08,19,
191,191o.png,keep,,,Potterie Brugge,,,1279,09,09,
192,192o.png,keep,,,Groot Seminarie Brugge,Eekhout,,1279,09,16,
193,193o.png,keep,,,Groot Seminarie Brugge,Ter Duinen,,1279,09,29,
194,194o.png,keep,,,RA Gent,Rijke Gasthuis,,1279,10,20,
195,195o.png,keep,,,Groot Seminarie Brugge,Ter Duinen,,1279,10,28,
196,196o.png,keep,,,Sint-Janshospitaal Brugge,,,1279,10,31,
197,197o.png,keep,,,Groot Seminarie Brugge,Eekhout,,1279,11,04,
198,198o.png,keep,,,Rijksarchief Utrecht,Sint-Marie,,1279,11,07,falsum 2e helft 14e eeuw
199,199o.png,keep,,,C.O.O. Brugge,Begijnhof,,1279,11,25,
200,200o.png,keep,,,Sint-Janshospitaal Brugge,,,1279,11,17,
201,201o.png,keep,,,Bisdom Brugge,Urbanisten,,1279,12,01,
202,202o.png,keep,,,Potterie Brugge,,,1279,12,02,
203,203o.png,keep,,,Groot Seminarie Brugge,Ter Duinen,,1279,12,15,
204,204o.png,keep,,,Bisdom Brugge,Urbanisten,,1279,12,16,
205,205o.png,keep,,,C.O.O. Brugge,Begijnhof,,1279,12,xx,
206,206o.png,keep,,,AB Mechelen,Sint-Bernards,,1279,12,xx,
207,207o.png,keep,,,Spermalie Brugge,,,1279,xx,xx,
208,208o.png,keep,,,Algemeen Rijksarchief Den Haag,Van Vredenburch,255,1282,12,23,
209,209o.png,keep,,,Algemeen Rijksarchief Den Haag,Grafelijkheid,,1282,10,03,
210,210o.png,keep,,,Algemeen Rijksarchief Den Haag,Zeeland,,1282,05,09,
211,211o.png,keep,,,archief Gent,Klein Begijnhof Stads,,1283,06,27,
212,212o.png,keep,,,SA Brugge,Bogaarden I,7,1283,10,01,
213,213o.png,keep,,,Sint-Janshospitaal Brugge,,,1283,12,04,
214,214o.png,keep,,,Sint-Janshospitaal Brugge,,,1283,09,18,
215,215o.png,keep,,,Sint-Janshospitaal Brugge,,,1283,09,10,
216,216o.png,keep,,,Sint-Janshospitaal Brugge,,,1283,06,23,
217,217o.png,keep,,,Sint-Janshospitaal Brugge,,,1283,05,30,
218,218o.png,keep,,,Sint-Janshospitaal Brugge,,,1283,04,10,
219,219o.png,keep,,,Sint-Janshospitaal Brugge,,,1283,01,29,
220,220o.png,keep,,,Sint-Janshospitaal Brugge,,,1283,01,15,
221,221o.png,keep,,,Potterie Brugge,,,1283,09,18,
222,222o.png,keep,,,Potterie Brugge,,,1283,05,xx,
223,223o.png,keep,,,Potterie Brugge,,,1283,05,14,
224,224o.png,keep,,,Potterie Brugge,,,1283,02,20,
225,225o.png,keep,,,AB Mechelen,Begijnhof,,1283,06,05,
226,226o.png,keep,,,AB Mechelen,Begijnhof,,1283,06,27,
227,227o.png,keep,,,C.O.O. Brugge,Begijnhof,,1283,12,17,
228,228o.png,keep,,,C.O.O. Brugge,Dis Sint-Salvators,,1283,10,29,
229,229o.png,keep,,,C.O.O. Brugge,Magdalenahospitaal,,1283,07,10,
230,230o.png,keep,,,Spermalie Brugge,,,1283,05,29,
231,231o.png,keep,,,Spermalie Brugge,,,1283,04,10,
232,232o.png,keep,,,Spermalie Brugge,,,1282,11,20,
233,233o.png,keep,,,Spermalie Brugge,,,1282,11,20,
234,234o.png,keep,,,Groot Seminarie Brugge,Eekhout,,1282,05,23,
235,235o.png,keep,,,Groot Seminarie Brugge,Ter Duinen,,1282,05,02,
236,236o.png,keep,,,Groot Seminarie Brugge,Ter Duinen,,1282,04,23,
237,237o.png,keep,,,Spermalie Brugge,,,1281,12,13,
238,238o.png,keep,,,Spermalie Brugge,,,1281,11,29,
239,239o.png,keep,,,Groot Seminarie Brugge,Ter Duinen,,1281,08,16,
240,240o.png,keep,,,Groot Seminarie Brugge,Ter Duinen,,1281,08,16,
241,241o.png,keep,,,Spermalie Brugge,,,1280,11,30,
242,242o.png,keep,,,Spermalie Brugge,,,1280,03,09,
243,243o.png,keep,,,Spermalie Brugge,,,1280,02,09,
244,244o.png,keep,,,Spermalie Brugge,,,1280,02,03,
245,245o.png,keep,,,Bisdom Brugge,Urbanisten,,1283,03,27,
246,246o.png,keep,,,RA Ronse,hospitaal Geraardsbergen,,1283,06,21,
247,247o.png,keep,,,RA Gent,Zoetendale,,1283,04,22,
248,248o.png,keep,,,RA Gent,Rijke Gasthuis,,1283,06,17,
249,249o.png,keep,,,RA Brugge,Mélanges généraux doos 6,,1283,10,16,
250,250o.png,keep,,,Algemeen Rijksarchief Den Haag,Grafelijkheid,,1283,03,17,
251,251o.png,keep,,,SA Gent,,"163, 13 v°",1281,xx,xx,
252,252o.png,keep,,,Algemeen Rijksarchief Den Haag,Grafelijkheid,,1281,01,24,
253,253o.png,keep,,,Groot Seminarie Brugge,Ter Duinen,,1282,12,04,
254,254o.png,keep,,,Groot Seminarie Brugge,Ter Duinen,,1282,06,26,
255,255o.png,keep,,,Groot Seminarie Brugge,Ter Duinen,,1282,03,14,
256,256o.png,keep,,,privaat archief Mw. Cogels,Brussel,,128x,05,15,codicii bij testament van Gerard van Wateringen
257,257o.png,keep,,,privaat archief Mw. Cogels,Brussel,,1282,05,15,"testament van Gerard, ridder van Wateringen"
258,258o.png,keep,,,RA Brugge,blauw,6757,1282,05,15,
259,259o.png,keep,,,Sint-Janshospitaal Brugge,,,1282,05,28,
260,260o.png,keep,,,Sint-Janshospitaal Brugge,,,1282,01,31,
261,261o.png,keep,,,Sint-Janshospitaal Brugge,,,1282,01,23,
262,262o.png,keep,,,Potterie Brugge,,,1282,11,20,
263,263o.png,keep,,,Potterie Brugge,,,1282,10,03,
264,264o.png,keep,,,Potterie Brugge,,,1282,09,26,
265,265o.png,keep,,,Potterie Brugge,,,1282,04,25,
266,266o.png,keep,,,C.O.O. Brugge,Magdalenahospitaal,,1282,10,24,
267,267o.png,keep,,,RA Gent,Begijnhof Aalst,,1282,04,26,
268,268o.png,keep,,,RA Gent,Begijnhof Aalst,,1282,03,06,
269,269o.png,keep,,,RA Gent,Bethlehem Deinze,,1282,10,20,
270,270o.png,keep,,,RA Gent,Rijke Gasthuis,,1282,06,21,
271,271o.png,keep,,,RA Gent,Sint-Pietersabdij,,1282,08,25,
272,272o.png,keep,,,RA Antwerpen,Pitsenburg,,1282,10,17,
273,273o.png,keep,,,RA Antwerpen,Biezelinge,,1282,05,29,
274,274o.png,keep,,,SA Gent,Stadscharters,,1282,11,15,
275,275o.png,keep,,,SA Gent,Stadscharters,,1282,10,17,
276,276o.png,keep,,,SA Gent,Stadscharters,,1282,10,17,
277,277o.png,keep,,,SA Gent,Stadscharters,,1282,10,17,
278,278o.png,keep,,,Groot Seminarie Brugge,Ter Duinen,,1281,08,16,
279,279o.png,keep,,,Klein Begijnhof Gent,,,1281,08,xx,
280,280o.png,keep,,,Sint-Janshospitaal Brugge,,,1281,11,29,
281,281o.png,keep,,,Sint-Janshospitaal Brugge,,,1281,05,10,
282,282o.png,keep,,,Sint-Janshospitaal Brugge,,,1281,05,10,
283,283o.png,keep,,,Sint-Janshospitaal Brugge,,,1281,05,10,
284,284o.png,keep,,,Sint-Janshospitaal Brugge,,,1281,03,28,
285,285o.png,keep,,,Sint-Janshospitaal Brugge,,,1281,02,14,
286,286o.png,keep,,,Sint-Janshospitaal Brugge,,,1281,01,xx,
287,287o.png,keep,,,Potterie Brugge,,,1281,04,25,
288,288o.png,keep,,,C.O.O. Brugge,Begijnhof,,1281,12,xx,
289,289o.png,keep,,,C.O.O. Brugge,Begijnhof,,1281,10,xx,
290,290o.png,keep,,,C.O.O. Brugge,Begijnhof,,1281,10,11,
291,291o.png,keep,,,C.O.O. Brugge,Begijnhof,,1281,04,26,
292,292o.png,keep,,,Bisdom Brugge,Urbanisten,,1281,01,18,
293,293o.png,keep,,,Bisdom Brugge,Urbanisten,,1281,02,04,
294,294o.png,keep,,,Bisdom Brugge,Urbanisten,,1281,02,21,
295,295o.png,keep,,,Bisdom Brugge,Urbanisten,,1281,02,21,
296,296o.png,keep,,,Bisdom Brugge,Urbanisten,,1281,06,21,
297,297o.png,keep,,,RA Ronse,abdij Ename,,1281,07,06,
298,298o.png,keep,,,RA Gent,chron. suppl. 113,,1281,05,xx,
299,299o.png,keep,,,RA Gent,Saint-Genois,288,1281,05,25,
300,300o.png,keep,,,RA Ronse,abdij Ename,,1281,07,06,
301,301o.png,keep,,,RA Gent,Sint-Elizabeth,,1281,06,08,
302,302o.png,keep,,,RA Gent,Sint-Baafs,,1281,07,18,
303,303o.png,keep,,,RA Gent,Rijke Gasthuis,,1281,xx,xx,
304,304o.png,keep,,,RA Gent,Rijke Gasthuis,,1281,07,06,
305,305o.png,keep,,,RA Gent,Rijke Gasthuis,,1281,07,06,
306,306o.png,keep,,,RA Gent,Rijke Gasthuis,,1281,07,06,
307,307o.png,keep,,,RA Gent,Rijke Gasthuis,,1281,07,06,
308,308o.png,keep,,,RA Gent,Rijke Gasthuis,,1281,07,06,
309,309o.png,keep,,,RA Gent,Sint-Pietersabdij,,1281,10,17,
310,310o.png,keep,,,RA Antwerpen,Biezelinge,,1281,07,25,
311,311o.png,keep,,,RA Gent,Sint-Baafs,,12xx,xx,xx,
312,312o.png,keep,,,ARA Brussel,Kerkelijk fonds,7015,12xx,xx,xx,
313,313o.png,keep,,,Groot Seminarie Brugge,Ter Duinen,,1280,06,28,
314,314o.png,keep,,,Groot Seminarie Brugge,Ter Duinen,,1280,03,09,
315,315o.png,keep,,,Sint-Janshospitaal Brugge,,,1280,05,xx,
316,316o.png,keep,,,Sint-Janshospitaal Brugge,,,1280,02,17,
317,317o.png,keep,,,Sint-Janshospitaal Brugge,,,1280,02,09,
318,318o.png,keep,,,Potterie Brugge,,,1280,04,13,
319,319o.png,keep,,,C.O.O. Brugge,Magdalenahospitaal,,1280,12,07,
320,320o.png,keep,,,C.O.O. Brugge,Magdalenahospitaal,,1280,09,21,
321,321o.png,keep,,,C.O.O. Brugge,Magdalenahospitaal,,1280,09,19,
322,322o.png,keep,,,C.O.O. Brugge,Magdalenahospitaal,,1280,07,05,
323,323o.png,keep,,,Bisdom Brugge,Urbanisten,,1280,12,20,
324,324o.png,keep,,,RA Gent,Gaillard,709,1280,xx,xx,
325,325o.png,keep,,,RA Gent,Saint-Genois,282,1280,xx,xx,
326,326o.png,keep,,,RA Gent,Saint-Genois,270,1280,09,28,
327,327o.png,keep,,,RA Gent,priorij Poperinge,,1280,07,05,
328,328o.png,keep,,,RA Gent,priorij Poperinge,,1280,07,19,
329,329o.png,keep,,,RA Gent,priorij Poperinge,,1280,11,09,
330,330o.png,keep,,,RA Gent,priorij Poperinge,,1280,03,09,
331,331o.png,keep,,,RA Gent,Sint-Elizabeth,,1280,01,xx,
332,332o.png,keep,,,RA Gent,Gaillard,800,12xx,xx,xx,
333,333o.png,keep,,,RA Gent,Rijke Gasthuis,,128x,xx,xx,
334,334o.png,keep,,,RA Antwerpen,Nazareth Lier,,1280,05,05,
335,335o.png,keep,,,Maria Middelares Gent,Ter Hagen,,1280,02,25,
336,336o.png,keep,,,SA Gent,Stadscharters,,128x,xx,xx,
337,337o.png,keep,,,SA Gent,Stadscharters,,128x,xx,xx,
338,338o.png,keep,,,SA Gent,Groot Begijnhof,,1280,04,28,
339,339o.png,keep,series_first,339,Rijsel,B,1353/18596,1280,xx,xx,
340,340o.png,drop,series_of=339o,339,Rijsel,B,1353/18596,1280,xx,xx,
341,341o.png,keep,,,Gemeentearchief Haarlem,,,1280,09,07,
342,342o.png,keep,,,Schoonhoven,,,128x,03,24,
343,343o.png,keep,,,Maria Middelares Gent,Bijloke,,1285,05,25,
344,344o.png,keep,,,O.L.V. Brugge,,,1285,04,28,
345,345o.png,keep,,,Algemeen Rijksarchief Den Haag,Grafelijkheid,,1285,11,11,
346,346o.png,keep,,,Algemeen Rijksarchief Den Haag,Grafelijkheid,,1285,10,27,
347,347o.png,keep,,,Algemeen Rijksarchief Den Haag,Grafelijkheid,,1285,10,27,
348,348o.png,keep,,,Algemeen Rijksarchief Den Haag,Grafelijkheid,,1285,10,27,
349,349o.png,keep,,,Algemeen Rijksarchief Den Haag,Grafelijkheid,,1285,10,27,
350,350o.png,keep,,,Algemeen Rijksarchief Den Haag,Grafelijkheid,,1285,10,27,
351,351o.png,keep,,,Algemeen Rijksarchief Den Haag,Grafelijkheid,,1285,10,27,
352,352o.png,keep,,,Algemeen Rijksarchief Den Haag,Grafelijkheid,,1285,10,27,
353,353o.png,keep,,,Algemeen Rijksarchief Den Haag,Grafelijkheid,,1285,10,27,
354,354o.png,keep,,,Algemeen Rijksarchief Den Haag,Grafelijkheid,,1285,10,27,
355,355o.png,keep,,,Rijksarchief Utrecht,Sint-Marie,,1285,10,12,falsum 2e helft 14e eeuw
356,356o.png,keep,,,Groot Seminarie Brugge,Ter Duinen,,1285,10,13,
357,357o.png,keep,,,Groot Seminarie Brugge,Ter Duinen,,1285,06,02,
358,358o.png,keep,,,Groot Seminarie Brugge,Ter Duinen,,1285,05,05,
359,359o.png,keep,,,RA Brugge,blauw,6760,1285,05,16,
360,360o.png,keep,,,Sint-Janshospitaal Brugge,,,1285,11,24,
361,361o.png,keep,,,Sint-Janshospitaal Brugge,,,1285,11,24,
362,362o.png,keep,,,Sint-Janshospitaal Brugge,,,1285,03,10,
363,363o.png,keep,,,Sint-Janshospitaal Brugge,,,1285,03,04,
364,364o.png,keep,,,Sint-Janshospitaal Brugge,,,1285,02,23,
365,365o.png,keep,,,Sint-Janshospitaal Brugge,,,1285,02,11,
366,366o.png,keep,,,Sint-Janshospitaal Brugge,,,1285,02,09,
367,367o.png,keep,,,Sint-Janshospitaal Brugge,,,1285,01,13,
368,368o.png,keep,,,Potterie Brugge,,,1285,10,20,
369,369o.png,keep,,,Potterie Brugge,,,1285,06,28,
370,370o.png,keep,,,C.O.O. Brugge,Magdalenahospitaal,,1285,02,17,
371,371o.png,keep,,,Groot Seminarie Brugge,Eekhout,,128x,03,3x,
372,372o.png,keep,,,Groot Seminarie Brugge,Zonnebeke,,1285,11,27,
373,373o.png,keep,,,Spermalie Brugge,,,1285,10,06,
374,374o.png,keep,,,Spermalie Brugge,,,1285,07,07,
375,375o.png,keep,,,Groot Seminarie Brugge,Eekhout,,1285,05,25,
376,376o.png,keep,,,Groot Seminarie Brugge,Eekhout,,1285,03,03,
377,377o.png,keep,,,Spermalie Brugge,,,1285,02,24,
378,378o.png,keep,,,Groot Seminarie Brugge,Eekhout,,1285,02,23,
379,379o.png,keep,,,Groot Seminarie Brugge,Eekhout,,1285,01,19,
380,380o.png,keep,,,Groot Seminarie Brugge,Eekhout,,1285,01,13,
381,381o.png,keep,,,ARA Brussel,Charters van Brabant,119,1285,11,12,
382,382o.png,keep,,,Rijksarchief Brugge,Aanwinsten,3803/57,1285,01,20,
383,383o.png,keep,,,Bisdom Brugge,Urbanisten,,1285,03,03,
384,384o.png,keep,,,RA Gent,Gaillard,76,128x,xx,xx,
385,385o.png,keep,,,RA Gent,Sint-Baafs,,1285,02,01,
386,386o.png,keep,,,RA Gent,Sint-Pietersabdij,,1285,01,20,
387,387o.png,keep,,,RA Antwerpen,Pitsenburg,,1285,02,16,
388,388o.png,keep,,,Algemeen Rijksarchief Den Haag,Voorne,,1284,06,25,
389,389o.png,keep,,,Vianen,,,1284,04,11,
390,390o.png,keep,,,Schoonhoven,,,1284,07,25,
391,391o.png,keep,,,Schoonhoven,,,1284,07,25,
392,392o.png,keep,,,Schoonhoven,,,1284,07,25,
393,393o.png,keep,,,Schoonhoven,,,1284,07,25,
394,394o.png,keep,,,Schoonhoven,,,1284,07,25,
395,395o.png,keep,,,Groot Seminarie Brugge,Ter Duinen,,1284,06,17,
396,396o.png,keep,,,Groot Seminarie Brugge,Ter Duinen,,1284,05,06,
397,397o.png,keep,,,Groot Seminarie Brugge,Ter Duinen,,1284,03,04,
398,398o.png,keep,,,Groot Seminarie Brugge,Ter Duinen,,1284,02,11,
399,399o.png,keep,,,archief Gent,Klein Begijnhof Stads,,1284,01,xx,
400,400o.png,keep,,,SA Brugge,,32,1284,05,01,
401,401o.png,keep,,,SA Brugge,Bogaarden II,2,1284,02,12,
402,402o.png,keep,,,Sint-Janshospitaal Brugge,,,1284,12,15,
403,403o.png,keep,,,Sint-Janshospitaal Brugge,,,1284,12,09,
404,404o.png,keep,,,Sint-Janshospitaal Brugge,,,1284,11,21,
405,405o.png,keep,,,Sint-Janshospitaal Brugge,,,1284,10,13,
406,406o.png,keep,,,Sint-Janshospitaal Brugge,,,1284,09,09,
407,407o.png,keep,,,Sint-Janshospitaal Brugge,,,1284,05,27,
408,408o.png,keep,,,Sint-Janshospitaal Brugge,,,1284,04,22,
409,409o.png,keep,,,Sint-Janshospitaal Brugge,,,1284,01,08,
410,410o.png,keep,,,Potterie Brugge,,,1284,12,15,
411,411o.png,keep,,,Potterie Brugge,,,1284,11,18,
412,412o.png,keep,,,Potterie Brugge,,,1284,10,07,
413,413o.png,keep,,,Potterie Brugge,,,1284,09,02,
414,414o.png,keep,,,Potterie Brugge,,,1284,01,22,
415,415o.png,keep,,,SA Mechelen,Ziekelieden,,1284,11,03,
416,416o.png,keep,,,C.O.O. Brugge,Magdalenahospitaal,,1284,12,09,
417,417o.png,keep,,,C.O.O. Brugge,Magdalenahospitaal,,1284,12,09,
418,418o.png,keep,,,C.O.O. Brugge,Magdalenahospitaal,,1284,10,12,
419,419o.png,keep,,,C.O.O. Brugge,Magdalenahospitaal,,1284,09,02,
420,420o.png,keep,,,C.O.O. Brugge,Magdalenahospitaal,,1284,08,05,
421,421o.png,keep,,,C.O.O. Brugge,Magdalenahospitaal,,1284,05,19,
422,422o.png,keep,,,C.O.O. Brugge,Magdalenahospitaal,,1284,04,21,
423,423o.png,keep,,,C.O.O. Brugge,Begijnhof,,1284,04,17,
424,424o.png,keep,,,C.O.O. Brugge,Magdalenahospitaal,,1284,04,15,
425,425o.png,keep,,,C.O.O. Brugge,Magdalenahospitaal,,1284,03,31,
426,426o.png,keep,,,C.O.O. Brugge,Magdalenahospitaal,,1284,02,24,
427,427o.png,keep,,,C.O.O. Brugge,Magdalenahospitaal,,1284,02,19,
428,428o.png,keep,,,C.O.O. Brugge,Magdalenahospitaal,,1284,01,22,
429,429o.png,keep,,,Spermalie Brugge,,,128x,xx,xx,
430,430o.png,keep,,,Groot Seminarie Brugge,Eekhout,,1284,10,07,
431,431o.png,keep,,,Groot Seminarie Brugge,Ter Duinen,,1284,07,22,
432,432o.png,keep,,,Spermalie Brugge,,,1284,05,27,
433,433o.png,keep,,,Groot Seminarie Brugge,Ter Duinen,,1284,05,06,
434,434o.png,keep,,,Groot Seminarie Brugge,Ter Duinen,,1284,05,06,
435,435o.png,keep,,,Groot Seminarie Brugge,Eekhout,,1284,02,14,
436,436o.png,keep,,,Spermalie Brugge,,,1284,01,22,
437,437o.png,keep,,,Spermalie Brugge,,,1284,01,08,
438,438o.png,keep,,,RA Ronse,abdij Geraardsbergen,,1284,06,10,
439,439o.png,keep,,,Groot Seminarie Brugge,Ter Duinen,,1286,09,27,
440,440o.png,keep,,,Groot Seminarie Brugge,Ter Duinen,,1286,08,07,
441,441o.png,keep,,,Groot Seminarie Brugge,Ter Duinen,,1286,07,18,
442,442o.png,keep,,,Groot Seminarie Brugge,Ter Duinen,,1286,07,06,
443,443o.png,keep,,,Groot Seminarie Brugge,Ter Duinen,,1286,05,10,
444,444o.png,keep,,,Groot Seminarie Brugge,Ter Duinen,,1286,04,24,
445,445o.png,keep,,,Groot Seminarie Brugge,Ter Duinen,,1286,04,17,
446,446o.png,keep,,,Groot Seminarie Brugge,Ter Duinen,,1286,01,24,
447,447o.png,keep,,,Sint-Janshospitaal Brugge,,,1286,10,19,
448,448o.png,keep,,,Sint-Janshospitaal Brugge,,,1286,10,12,
449,449o.png,keep,,,Sint-Janshospitaal Brugge,,,1286,09,14,
450,450o.png,keep,,,Sint-Janshospitaal Brugge,,,1286,07,27,
451,451o.png,keep,,,Sint-Janshospitaal Brugge,,,1286,07,26,
452,452o.png,keep,,,Sint-Janshospitaal Brugge,,,1286,05,10,
453,453o.png,keep,,,Sint-Janshospitaal Brugge,,,1286,03,16,
454,454o.png,keep,,,Sint-Janshospitaal Brugge,,,1286,02,15,
455,455o.png,keep,,,Sint-Janshospitaal Brugge,,,1286,01,19,
456,456o.png,keep,,,Sint-Janshospitaal Brugge,,,1286,01,12,
457,457o.png,keep,,,Sint-Janshospitaal Brugge,,,1286,04,27,
458,458o.png,keep,,,Sint-Janshospitaal Brugge,,,1286,07,06,
459,459o.png,keep,,,Sint-Janshospitaal Brugge,,,1286,09,14,
460,460o.png,keep,,,Sint-Janshospitaal Brugge,,,1286,10,19,
461,461o.png,keep,,,Potterie Brugge,,,1286,08,17,
462,462o.png,keep,,,AB Mechelen,Blijdenberg,,1286,01,29,
463,463o.png,keep,,,C.O.O. Brugge,Magdalenahospitaal,,1286,06,21,
464,464o.png,keep,,,C.O.O. Brugge,rekening Watering van Blankenberge,,1286,04,17,
465,465o.png,keep,,,C.O.O. Brugge,Magdalenahospitaal,,1286,03,09,
466,466o.png,keep,,,C.O.O. Brugge,Magdalenahospitaal,,1286,02,01,
467,467o.png,keep,,,Groot Seminarie Brugge,Eekhout,,1286,05,11,
468,468o.png,keep,,,Bisdom Brugge,Urbanisten,,1286,12,06,
469,469o.png,keep,,,RA Gent,Sint-Baafs,,1286,01,05,
470,470o.png,keep,,,RA Gent,Rijke Gasthuis,,1286,07,13,
471,471o.png,keep,,,RA Gent,Sint-Pietersabdij,,1286,01,19,
472,472o.png,keep,,,RA Gent,Rijke Klaren,,1286,03,20,
473,473o.png,keep,,,SA Gent,Bijloke,,1286,01,02,
474,474o.png,keep,,,SA Gent,Stadscharters,,1286,07,13,
475,475o.png,keep,,,Algemeen Rijksarchief Den Haag,Zeeland,,1286,04,07,
476,476o.png,keep,,,Algemeen Rijksarchief Den Haag,Zeeland,,1286,04,07,
477,477o.png,keep,,,Algemeen Rijksarchief Den Haag,Zeeland,,1286,01,14,
478,478o.png,keep,,,Rijsel,,28 H 84/1703,1286,07,22,
479,479o.png,keep,,,Rijsel,,28 H 84/1705,1286,07,25,
480,480o.png,keep,,,Staatsarchiv Düsseldorf,Heinsberg,,1286,08,31,
481,481o.png,keep,,,Groot Seminarie Brugge,Ter Duinen,,1287,11,22,
482,482o.png,keep,,,Groot Seminarie Brugge,Ter Duinen,,1287,07,05,
483,483o.png,keep,,,Groot Seminarie Brugge,Ter Duinen,,1287,04,19,
484,484o.png,keep,,,Groot Seminarie Brugge,Ter Duinen,,1287,03,08,
485,485o.png,keep,,,Sint-Janshospitaal Brugge,,,1287,03,26,
486,486o.png,keep,,,Sint-Janshospitaal Brugge,,,1287,03,01,
487,487o.png,keep,,,Sint-Janshospitaal Brugge,,,128xx,xx,xx,
488,488o.png,keep,,,Sint-Janshospitaal Brugge,,,1287,05,03,
489,489o.png,keep,,,Sint-Janshospitaal Brugge,,,1287,05,xx,
490,490o.png,keep,,,Sint-Janshospitaal Brugge,,,1287,06,25,
491,491o.png,keep,,,Sint-Janshospitaal Brugge,,,1287,09,06,
492,492o.png,keep,,,Sint-Janshospitaal Brugge,,,1287,09,25,
493,493o.png,keep,,,Sint-Janshospitaal Brugge,,,1287,10,31,
494,494o.png,keep,,,Sint-Janshospitaal Brugge,,,1287,11,01,
495,495o.png,keep,,,Sint-Janshospitaal Brugge,,,1287,11,15,
496,496o.png,keep,,,Potterie Brugge,,,1287,10,31,
497,497o.png,keep,,,Potterie Brugge,,,1287,10,04,
498,498o.png,keep,,,Potterie Brugge,,,1287,05,xx,kopie eind 13e
499,499o.png,keep,,,Potterie Brugge,,,1287,01,18,
500,500o.png,keep,,,AB Mechelen,Begijnhof,,1287,11,11,
501,501o.png,keep,,,AB Mechelen,Blijdenberg,,1287,07,31,
502,502o.png,keep,,,C.O.O. Brugge,Magdalenahospitaal,,1287,11,13,
503,503o.png,keep,,,C.O.O. Brugge,Magdalenahospitaal,,1287,11,07,
504,504o.png,keep,,,C.O.O. Brugge,Begijnhof,,1287,01,24,
505,505o.png,keep,,,Spermalie Brugge,,,1287,09,12,
506,506o.png,keep,,,Rijksarchief Brugge,Aanwinsten,3803/91,1287,05,02,
507,507o.png,keep,,,Bisdom Brugge,Urbanisten,,1287,11,22,
508,508o.png,keep,,,RA Gent,de Ghellinck-Vaernewyck,,1287,01,22,
509,509o.png,keep,,,RA Gent,hospitaal Aalst,,1287,12,06,
510,510o.png,keep,,,RA Ronse,abdij Ninove,,1287,xx,xx,
511,511o.png,keep,,,RA Gent,Zoetendale,,1287,05,xx,
512,512o.png,keep,,,RA Gent,Sint-Baafs,,1287,01,09,
513,513o.png,keep,,,RA Gent,Rijke Gasthuis,,1287,02,24,
514,514o.png,keep,,,RA Gent,Rijke Klaren,,1287,12,03,
515,515o.png,keep,,,SA Gent,Stadscharters,,1287,04,20,
516,516o.png,keep,,,Algemeen Rijksarchief Den Haag,Grafelijkheid,,1287,08,28,
517,517o.png,keep,,,Algemeen Rijksarchief Den Haag,Montfoort,,1287,04,15,
518,518o.png,keep,,,Gemeentearchief Schiedam,,,1287,01,07,
519,519o.png,keep,,,Duits Huis te Utrecht,,n° 1318,1287,08,12,
520,520o.png,keep,,,Rijksarchief Utrecht,Montfoort,n° 96,1287,12,12,
521,521o.png,keep,,,Groot Seminarie Brugge,Ter Duinen,,1288,04,03,
522,522o.png,keep,,,Groot Seminarie Brugge,Ter Duinen,,1288,01,23,
523,523o.png,keep,,,RA Brugge,cart. O.L.Vrouwkerk,,1288,07,24,kopie ± 1293
524,524o.png,keep,,,SA Brugge,Bogaarden II,3,1288,04,13,
525,525o.png,keep,,,Sint-Janshospitaal Brugge,,,1288,02,20,
526,526o.png,keep,,,Sint-Janshospitaal Brugge,,,1288,02,20,
527,527o.png,keep,,,Sint-Janshospitaal Brugge,,,1288,02,21,
528,528o.png,keep,,,Sint-Janshospitaal Brugge,,,1288,xx,xx,
529,529o.png,keep,,,Sint-Janshospitaal Brugge,,,1288,04,10,
530,530o.png,keep,,,Sint-Janshospitaal Brugge,,,1288,05,01,
531,531o.png,keep,,,Sint-Janshospitaal Brugge,,,1288,05,xx,
532,532o.png,keep,,,Sint-Janshospitaal Brugge,,,1288,06,12,
533,533o.png,keep,,,Sint-Janshospitaal Brugge,,,1288,09,17,
534,534o.png,keep,,,Sint-Janshospitaal Brugge,,,1288,10,02,
535,535o.png,keep,,,Sint-Janshospitaal Brugge,,,1288,10,xx,
536,536o.png,keep,,,Potterie Brugge,,,1288,11,20,
537,537o.png,keep,,,Potterie Brugge,,,1288,10,29,
538,538o.png,keep,,,Potterie Brugge,,,1288,06,24,kopie eind 13e
539,539o.png,keep,,,Potterie Brugge,,,1288,06,05,
540,540o.png,keep,,,C.O.O. Brugge,Magdalenahospitaal,,1288,05,29,
541,541o.png,keep,,,C.O.O. Brugge,Magdalenahospitaal,,1288,05,07,
542,542o.png,keep,,,C.O.O. Brugge,Magdalenahospitaal,,1288,02,13,
543,543o.png,keep,,,Groot Seminarie Brugge,Eekhout,,1288,10,09,
544,544o.png,keep,,,Stadsarchief Mechelen,Blijdenberg,,1288,10,02,
545,545o.png,keep,,,ARA Brussel,rolrekening,1999,12xx,xx,xx,
546,546o.png,keep,,,ARA Brussel,rolrekening,1998,12xx,xx,xx,blad 2
547,547o.png,keep,,,Bisdom Brugge,Urbanisten,,1288,01,17,
548,548o.png,keep,,,Bisdom Brugge,Urbanisten,,1288,10,16,
549,549o.png,keep,,,RA Gent,Oosteeklo,,128x,xx,xx,
550,550o.png,keep,,,RA Gent,Sint-Baafs,,1288,01,30,
551,551o.png,keep,,,RA Gent,Rijke Gasthuis,,1288,07,06,
552,552o.png,keep,,,RA Gent,Rijke Gasthuis,,1288,08,08,
553,553o.png,keep,,,RA Gent,Rijke Gasthuis,,1288,06,20,
554,554o.png,keep,,,RA Gent,Rijke Klaren,,1288,06,23,
555,555o.png,keep,,,RA Gent,Rijke Klaren,,1288,06,23,
556,556o.png,keep,,,RA Gent,Rijke Klaren,,1288,06,23,
557,557o.png,keep,,,RA Gent,Rijke Klaren,,1288,08,19,
558,558o.png,keep,,,SA Gent,Stadscharters,,1288,04,02,
559,559o.png,keep,,,Karmelieten Brugge,,,1288,02,18,
560,560o.png,keep,,,Algemeen Rijksarchief Den Haag,Grafelijkheid,,1288,08,16,kopie 14de eeuw
561,561o.png,keep,,,Algemeen Rijksarchief Den Haag,Rijnsburg,,1288,07,14,
562,562o.png,keep,,,Algemeen Rijksarchief Den Haag,"Vilvoordse charters, doos Heusden",,1288,04,19,
563,563o.png,keep,series_first,563,Algemeen Rijksarchief Den Haag,Henegouwen,37,1288,03,21,
564,564o.png,keep,,,Algemeen Rijksarchief Den Haag,Henegouwen,,1288,03,21,
565,565o.png,drop,series_of=563o,563,Algemeen Rijksarchief Den Haag,Henegouwen,37,1288,03,21,
566,566o.png,drop,series_of=563o,563,Algemeen Rijksarchief Den Haag,Henegouwen,37,1288,03,21,
567,567o.png,drop,series_of=563o,563,Algemeen Rijksarchief Den Haag,Henegouwen,37,1288,03,21,
568,568o.png,drop,series_of=563o,563,Algemeen Rijksarchief Den Haag,Henegouwen,37,1288,03,21,
569,569o.png,drop,series_of=563o,563,Algemeen Rijksarchief Den Haag,Henegouwen,37,1288,03,21,
570,570o.png,keep,,,Rijsel,,,1288,04,30,
571,571o.png,keep,,,Karmelieten Brugge,,,1288,02,18,
572,572o.png,keep,,,Rijksarchief Utrecht,Montfoort,n° 97,1288,01,31,
573,573o.png,keep,,,Groot Seminarie Brugge,Ter Duinen,,1288,05,07,
574,574o.png,keep,,,Groot Seminarie Brugge,Ter Duinen,,1288,05,07,
575,575o.png,keep,,,Groot Seminarie Brugge,Ter Duinen,,1288,05,07,
576,576o.png,keep,,,Groot Seminarie Brugge,Ter Duinen,,1288,05,07,
577,577o.png,keep,,,Groot Seminarie Brugge,Ter Duinen,,1288,05,07,
578,578o.png,keep,,,Groot Seminarie Brugge,Ter Duinen,,1288,05,07,
579,579o.png,keep,,,Groot Seminarie Brugge,Ter Duinen,,1288,05,07,
580,580o.png,keep,,,Groot Seminarie Brugge,Ter Duinen,,1288,05,07,
581,581o.png,keep,,,Groot Seminarie Brugge,Ter Duinen,,1289,04,23,
582,582o.png,keep,,,Groot Seminarie Brugge,Ter Duinen,,1289,03,16,
583,583o.png,keep,,,Sint-Janshospitaal Brugge,,,1289,03,04,
584,584o.png,keep,,,Sint-Janshospitaal Brugge,,,1289,03,05,
585,585o.png,keep,,,Sint-Janshospitaal Brugge,,,1289,03,26,
586,586o.png,keep,,,Sint-Janshospitaal Brugge,,,1289,04,25,
587,587o.png,keep,,,Sint-Janshospitaal Brugge,,,1289,04,29,
588,588o.png,keep,,,Sint-Janshospitaal Brugge,,,1289,05,06,
589,589o.png,keep,,,Sint-Janshospitaal Brugge,,,1289,06,11,
590,590o.png,keep,,,Sint-Janshospitaal Brugge,,,1289,09,10,
591,591o.png,keep,,,Sint-Janshospitaal Brugge,,,1289,09,21,
592,592o.png,keep,,,Sint-Janshospitaal Brugge,,,1289,10,xx,
593,593o.png,keep,,,Sint-Janshospitaal Brugge,,,1289,11,29,
594,594o.png,keep,,,Potterie Brugge,,,1289,12,24,
595,595o.png,keep,,,Potterie Brugge,,,1289,10,14,
596,596o.png,keep,,,Potterie Brugge,,,1289,10,04,
597,597o.png,keep,,,Potterie Brugge,,,1289,07,03,
598,598o.png,keep,,,Potterie Brugge,,,1289,05,06,
599,599o.png,keep,,,Potterie Brugge,,,1289,03,19,
600,600o.png,keep,,,AB Mechelen,Blijdenberg,,1289,09,21,
601,601o.png,keep,,,AB Mechelen,Blijdenberg,,1289,08,31,
602,602o.png,keep,,,AB Mechelen,Blijdenberg,,1289,02,24,
603,603o.png,keep,,,AB Mechelen,Blijdenberg,,1289,01,05,
604,604o.png,keep,,,C.O.O. Brugge,Begijnhof,,1289,11,30,
605,605o.png,keep,,,C.O.O. Brugge,Begijnhof,,1289,05,21,
606,606o.png,keep,,,C.O.O. Brugge,Magdalenahospitaal,,1289,04,29,
607,607o.png,keep,,,C.O.O. Brugge,Begijnhof,,1289,02,04,
608,608o.png,keep,,,Spermalie Brugge,,,1289,12,17,
609,609o.png,keep,,,ARA Brussel,Kerkelijk fonds,12546,1289,12,18,
610,610o.png,keep,,,Grimbergen,,,1289,12,02,
611,611o.png,keep,,,Bisdom Brugge,Urbanisten,,1289,05,14,
612,612o.png,keep,,,RA Gent,hospitaal Aalst,,1289,01,30,
613,613o.png,keep,,,RA Gent,Oosteeklo,,1289,08,29,
614,614o.png,keep,,,RA Gent,Rijke Gasthuis,,1289,03,06,
615,615o.png,keep,,,RA Gent,Sint-Baafs,,1289,06,19,
616,616o.png,keep,,,RA Gent,Rijke Gasthuis,,1289,02,20,
617,617o.png,keep,series_first,617,Algemeen Rijksarchief Den Haag,Nassause Domeinraad II,82,1289,12,30,
618,618o.png,drop,series_of=617o,617,Algemeen Rijksarchief Den Haag,Nassause Domeinraad II,82,1289,12,30,
619,619o.png,drop,series_of=617o,617,Algemeen Rijksarchief Den Haag,Nassause Domeinraad II,82,1289,12,30,
620,620o.png,drop,series_of=617o,617,Algemeen Rijksarchief Den Haag,Nassause Domeinraad II,82,1289,12,30,
621,621o.png,keep,,,Algemeen Rijksarchief Den Haag,Nedersticht,,1289,xx,xx,
622,622o.png,keep,,,Algemeen Rijksarchief Den Haag,Grafelijkheid,,1289,03,01,
623,623o.png,keep,,,Algemeen Rijksarchief Den Haag,Grafelijkheid,,1289,01,20,
624,624o.png,keep,,,Algemeen Rijksarchief Den Haag,van Nispen,73,1289,08,22,
625,625o.png,keep,,,COO Brussel,Ter Kisten,,1289,07,10,
626,626o.png,keep,,,Gemeentearchief Utrecht,,n° 276,1289,12,12,
627,627o.png,keep,,,Gemeentearchief Utrecht,,n° 64,1289,12,12,
628,628o.png,keep,,,Nedersticht,OB II,680,1289,11,20,Deze informatie staat op de voorzijde (628o).
629,629o.png,keep,,,Groot Seminarie Brugge,Ter Duinen,,1297,04,20,
630,630o.png,keep,,,Groot Seminarie Brugge,Ter Duinen,,1297,06,30,
631,631o.png,keep,,,Groot Seminarie Brugge,Ter Duinen,,1297,07,12,
632,632o.png,keep,,,Groot Seminarie Brugge,Ter Duinen,,1298,01,15,
633,633o.png,keep,,,Groot Seminarie Brugge,Ter Duinen,,1298,01,15,
634,634o.png,keep,,,Groot Seminarie Brugge,Ter Duinen,,1298,03,11,
635,635o.png,keep,,,Groot Seminarie Brugge,Ter Duinen,,1298,06,29,
636,636o.png,keep,,,Groot Seminarie Brugge,Ter Duinen,,1299,02,20,
637,637o.png,keep,,,Groot Seminarie Brugge,Ter Duinen,,1299,04,25,
638,638o.png,keep,,,Groot Seminarie Brugge,Ter Duinen,,1299,05,02,
639,639o.png,keep,,,Groot Seminarie Brugge,Ter Duinen,,1299,05,02,
640,640o.png,keep,,,Groot Seminarie Brugge,Ter Duinen,,1299,06,26,
641,641o.png,keep,,,Groot Seminarie Brugge,Ter Duinen,,1299,07,02,
642,642o.png,keep,,,Groot Seminarie Brugge,Ter Duinen,,1299,11,27,
643,643o.png,keep,,,Groot Seminarie Brugge,Ter Duinen,,1299,12,03,
644,644o.png,keep,,,Groot Seminarie Brugge,Ter Duinen,,1300,06,26,
645,645o.png,keep,,,Groot Seminarie Brugge,Ter Duinen,,1300,11,03,
646,646o.png,keep,,,RA Antwerpen,Pitsenburg,,1299,09,29,
647,647o.png,keep,,,RA Antwerpen,Pitsenburg,,1291,10,27,
648,648o.png,keep,,,RA Antwerpen,Sint-Bernards,,1291,01,15,
649,649o.png,keep,,,SA Gent,Stadscharters,,1292,03,10,
650,650o.png,keep,,,SA Gent,Stadscharters,,1292,10,08,
651,651o.png,keep,,,SA Gent,Bijloke,,1294,02,07,
652,652o.png,keep,,,SA Gent,Stadscharters,,1294,12,01,
653,653o.png,keep,,,SA Gent,Stadscharters,,1297,03,23,
654,654o.png,keep,,,SA Gent,Stadscharters,,1299,xx,xx,
655,655o.png,keep,,,SA Gent,Bijloke,,1298,01,30,
656,656o.png,keep,,,SA Gent,Bijloke,,1299,01,10,
657,657o.png,keep,,,SA Gent,Bijloke,,1298,01,30,
658,658o.png,keep,,,SA Gent,Groot Begijnhof,,1298,xx,xx,
659,659o.png,keep,,,SA Gent,Groot Begijnhof,,1298,02,25,
660,660o.png,keep,,,SA Gent,Groot Begijnhof,,1300,07,04,
661,661o.png,keep,,,SA Gent,Groot Begijnhof,,1299,04,27,
662,662o.png,keep,,,SA Gent,Groot Begijnhof,,1293,07,11,
663,663o.png,keep,,,SA Gent,Stadscharters,,1290,12,24,
664,664o.png,keep,,,SA Gent,Stadscharters,,1291,02,17,
665,665o.png,keep,,,SA Gent,Stadscharters,,1291,09,06,
666,666o.png,keep,,,Groot Seminarie Brugge,Ter Duinen,784,1296,10,26,
667,667o.png,keep,,,RA Antwerpen,Pitsenburg,,1300,07,22,
668,668o.png,keep,,,RA Antwerpen,Rozendaal,,1300,03,xx,
669,669o.png,keep,,,RA Antwerpen,Sint-Bernards,,1300,03,16,
670,670o.png,keep,,,RA Antwerpen,Sint-Bernards,,1297,09,25,
671,671o.png,keep,,,SA Antwerpen,K,840,1296,10,25,
672,672o.png,keep,,,RA Antwerpen,Sint-Bernards,,1295,06,19,
673,673o.png,keep,,,RA Antwerpen,Pitsenburg,,1295,05,01,
674,674o.png,keep,,,RA Antwerpen,Pitsenburg,,1294,04,15,
675,675o.png,keep,,,RA Antwerpen,Nazareth Lier,,1292,12,30,
676,676o.png,keep,,,RA Antwerpen,Sint-Bernards,,1291,03,xx,
677,677o.png,keep,,,RA Brugge,kerk Houtem Veurne,,1299,12,xx,
678,678o.png,keep,,,Groot Seminarie Brugge,Ter Duinen,1388,1299,10,06,
679,679o.png,keep,,,Klein Begijnhof Gent,,,1290,04,06,
680,680o.png,keep,,,RA Brugge,cart. O.L.Vrouwkerk,,129x,xx,xx,
681,681o.png,keep,,,Klein Begijnhof Gent,,,1292,05,01,
682,682o.png,keep,,,Klein Begijnhof Gent,,,1293,06,10,
683,683o.png,keep,,,Klein Begijnhof Gent,,,1296,02,26,
684,684o.png,keep,,,Klein Begijnhof Gent,,,1297,01,31,
685,685o.png,keep,,,Maria Middelares Gent,Bijloke,,1293,11,xx,
686,686o.png,keep,,,Groot Seminarie Brugge,Ter Duinen,,1290,01,21,
687,687o.png,keep,,,Groot Seminarie Brugge,Ter Duinen,,1290,02,03,
688,688o.png,keep,,,Groot Seminarie Brugge,Ter Duinen,,1290,06,03,
689,689o.png,keep,,,Groot Seminarie Brugge,Ter Duinen,,1290,06,10,
690,690o.png,keep,,,Groot Seminarie Brugge,Ter Duinen,,1290,08,xx,
691,691o.png,keep,,,Groot Seminarie Brugge,Ter Duinen,,1291,04,25,
692,692o.png,keep,,,Groot Seminarie Brugge,Ter Duinen,,1291,09,29,
693,693o.png,keep,,,Groot Seminarie Brugge,Ter Duinen,,1291,09,xx,
694,694o.png,keep,,,Groot Seminarie Brugge,Ter Duinen,,1292,01,19,
695,695o.png,keep,,,Groot Seminarie Brugge,Ter Duinen,,1292,03,07,
696,696o.png,keep,,,Groot Seminarie Brugge,Ter Duinen,,1292,03,22,
697,697o.png,keep,,,Groot Seminarie Brugge,Ter Duinen,,1292,04,26,
698,698o.png,keep,,,Groot Seminarie Brugge,Ter Duinen,,1292,05,17,
699,699o.png,keep,,,Groot Seminarie Brugge,Ter Duinen,,1292,10,24,
700,700o.png,keep,,,Groot Seminarie Brugge,Ter Duinen,,1292,11,08,
701,701o.png,keep,,,Groot Seminarie Brugge,Ter Duinen,,1292,12,24,
702,702o.png,keep,,,Groot Seminarie Brugge,Ter Duinen,,1293,03,17,
703,703o.png,keep,,,Groot Seminarie Brugge,Ter Duinen,,1293,07,21,
704,704o.png,keep,,,Groot Seminarie Brugge,Ter Duinen,,1293,09,07,
705,705o.png,keep,,,Groot Seminarie Brugge,Ter Duinen,,1293,09,16,
706,706o.png,keep,,,Groot Seminarie Brugge,Ter Duinen,,1294,05,08,
707,707o.png,keep,,,Groot Seminarie Brugge,Ter Duinen,,1294,09,24,
708,708o.png,keep,,,Groot Seminarie Brugge,Ter Duinen,,1295,10,21,
709,709o.png,keep,,,Groot Seminarie Brugge,Ter Duinen,,1295,10,28,
710,710o.png,keep,,,Groot Seminarie Brugge,Ter Duinen,,1295,12,09,
711,711o.png,keep,,,Groot Seminarie Brugge,Ter Duinen,,1296,06,09,
712,712o.png,keep,,,Groot Seminarie Brugge,Ter Duinen,,1296,08,08,
713,713o.png,keep,,,Groot Seminarie Brugge,Ter Duinen,,1296,10,20,
714,714o.png,keep,,,Groot Seminarie Brugge,Ter Duinen,,1297,02,20,
715,715o.png,keep,,,Groot Seminarie Brugge,Ter Duinen,,12xx,xx,xx,
716,716o.png,keep,,,Groot Seminarie Brugge,Ter Duinen,,1297,03,15,
717,717o.png,keep,,,RA Antwerpen,Pitsenburg,,1297,03,28,
718,718o.png,keep,,,RA Antwerpen,Pitsenburg,,1297,03,28,
719,719o.png,keep,,,RA Antwerpen,Rozendaal,,1298,03,22,
720,720o.png,keep,,,RA Antwerpen,Sint-Bernards,,1299,03,31,
721,721o.png,keep,,,RA Antwerpen,Pitsenburg,,1299,09,04,
722,722o.png,keep,,,Groot Seminarie Brugge,Ter Duinen,,1300,12,12,
723,723o.png,keep,,,C.O.O. Brugge,Magdalenahospitaal,,1298,03,29,
724,724o.png,keep,,,C.O.O. Brugge,Dis Sint-Gillis,,1298,03,22,
725,725o.png,keep,,,C.O.O. Brugge,rekening Watering van Blankenberge,,1298,04,09,
726,726o.png,keep,,,C.O.O. Brugge,Begijnhof,,1297,05,27,
727,727o.png,keep,,,C.O.O. Brugge,rekening Watering van Blankenberge,,1297,04,17,
728,728o.png,keep,,,C.O.O. Brugge,Magdalenahospitaal,,1297,03,30,
729,729o.png,keep,,,C.O.O. Brugge,Magdalenahospitaal,,1297,03,09,
730,730o.png,keep,,,Potterie Brugge,,,1299,07,21,
731,731o.png,keep,,,Sint-Janshospitaal Brugge,,,129x,xx,xx,
732,732o.png,keep,,,SA Brugge,,1306/42,1290,01,01,
733,733o.png,keep,,,Sint-Janshospitaal Brugge,,,1295,03,12,
734,734o.png,keep,,,Sint-Janshospitaal Brugge,,,1294,11,20,
735,735o.png,keep,,,Sint-Janshospitaal Brugge,,,1294,11,06,
736,736o.png,keep,,,Sint-Janshospitaal Brugge,,,1294,11,06,
737,737o.png,keep,,,Sint-Janshospitaal Brugge,,,1294,11,06,
738,738o.png,keep,,,Sint-Janshospitaal Brugge,,,1294,10,15,
739,739o.png,keep,,,Sint-Janshospitaal Brugge,,,1294,10,09,
740,740o.png,keep,,,Sint-Janshospitaal Brugge,,,1294,10,07,
741,741o.png,keep,,,Sint-Janshospitaal Brugge,,,1294,08,14,
742,742o.png,keep,,,Sint-Janshospitaal Brugge,,,1294,07,17,
743,743o.png,keep,,,Sint-Janshospitaal Brugge,,,1294,06,18,
744,744o.png,keep,,,Sint-Janshospitaal Brugge,,,1294,06,12,
745,745o.png,keep,,,Sint-Janshospitaal Brugge,,,1294,05,29,
746,746o.png,keep,,,Sint-Janshospitaal Brugge,,,1294,05,05,
747,747o.png,keep,,,Sint-Janshospitaal Brugge,,,1293,12,18,
748,748o.png,keep,,,Sint-Janshospitaal Brugge,,,1293,10,29,
749,749o.png,keep,,,Sint-Janshospitaal Brugge,,,1293,07,25,
750,750o.png,keep,,,Sint-Janshospitaal Brugge,,,1293,07,18,
751,751o.png,keep,,,Sint-Janshospitaal Brugge,,,1293,05,01,
752,752o.png,keep,,,Sint-Janshospitaal Brugge,,,1293,04,18,
753,753o.png,keep,,,Sint-Janshospitaal Brugge,,,1293,04,05,
754,754o.png,keep,,,Sint-Janshospitaal Brugge,,,1292,09,24,
755,755o.png,keep,,,Sint-Janshospitaal Brugge,,,1292,06,17,
756,756o.png,keep,,,Sint-Janshospitaal Brugge,,,1292,06,14,
757,757o.png,keep,,,C.O.O. Brugge,Begijnhof,,1300,08,09,
758,758o.png,keep,,,C.O.O. Brugge,Magdalenahospitaal,,1300,07,16,
759,759o.png,keep,,,C.O.O. Brugge,Magdalenahospitaal,,1300,02,27,
760,760o.png,keep,,,C.O.O. Brugge,Begijnhof,,1299,12,31,
761,761o.png,keep,,,C.O.O. Brugge,Begijnhof,,1299,11,18,
762,762o.png,keep,,,C.O.O. Brugge,Magdalenahospitaal,,1299,10,24,
763,763o.png,keep,,,C.O.O. Brugge,Begijnhof,,1299,06,30,
764,764o.png,keep,,,Sint-Janshospitaal Brugge,,,1292,12,12,
765,765o.png,keep,,,Sint-Janshospitaal Brugge,,,1292,08,23,
766,766o.png,keep,,,C.O.O. Brugge,Magdalenahospitaal,,1299,06,13,
767,767o.png,keep,,,C.O.O. Brugge,Magdalenahospitaal,,1299,05,01,
768,768o.png,keep,,,C.O.O. Brugge,Dis Sint-Salvators,,1299,04,03,
769,769o.png,keep,,,C.O.O. Brugge,Dis Sint-Gillis,,1299,02,20,
770,770o.png,keep,,,C.O.O. Brugge,Magdalenahospitaal,,1298,03,29,
771,771o.png,keep,,,RA Antwerpen,Pitsenburg,,1296,08,20,
772,772o.png,keep,,,Potterie Brugge,,,1300,04,09,
773,773o.png,keep,,,Potterie Brugge,,,1300,07,16,
774,774o.png,keep,,,Potterie Brugge,,,1300,07,23,
775,775o.png,keep,,,Sint-Janshospitaal Brugge,,,1300,05,25,
776,776o.png,keep,,,Sint-Janshospitaal Brugge,,,1299,08,16,
777,777o.png,keep,,,Sint-Janshospitaal Brugge,,,1299,06,22,
778,778o.png,keep,,,Sint-Janshospitaal Brugge,,,1299,06,13,
779,779o.png,keep,,,Sint-Janshospitaal Brugge,,,1299,04,25,
780,780o.png,keep,,,Sint-Janshospitaal Brugge,,,1299,02,27,
781,781o.png,keep,,,Sint-Janshospitaal Brugge,,,1299,02,15,
782,782o.png,keep,,,Sint-Janshospitaal Brugge,,,1298,11,29,
783,783o.png,keep,,,Sint-Janshospitaal Brugge,,,1298,05,08,
784,784o.png,keep,,,Sint-Janshospitaal Brugge,,,1298,05,08,
785,785o.png,keep,,,Sint-Janshospitaal Brugge,,,1298,03,15,
786,786o.png,keep,,,Sint-Janshospitaal Brugge,,,1298,01,04,
787,787o.png,keep,,,Sint-Janshospitaal Brugge,,,1297,07,18,
788,788o.png,keep,,,Sint-Janshospitaal Brugge,,,1297,03,01,
789,789o.png,keep,,,Sint-Janshospitaal Brugge,,,1297,03,01,
790,790o.png,keep,,,Sint-Janshospitaal Brugge,,,1297,01,31,
791,791o.png,keep,,,Sint-Janshospitaal Brugge,,,1296,12,31,
792,792o.png,keep,,,Sint-Janshospitaal Brugge,,,1296,12,20,
793,793o.png,keep,,,Sint-Janshospitaal Brugge,,,1296,12,05,
794,794o.png,keep,,,Sint-Janshospitaal Brugge,,,1296,11,29,
795,795o.png,keep,,,Sint-Janshospitaal Brugge,,,1296,11,24,
796,796o.png,keep,,,Sint-Janshospitaal Brugge,,,1296,11,18,
797,797o.png,keep,,,Sint-Janshospitaal Brugge,,,1296,09,08,
798,798o.png,keep,,,Sint-Janshospitaal Brugge,,,1296,08,26,
799,799o.png,keep,,,Sint-Janshospitaal Brugge,,,1296,08,05,
800,800o.png,keep,,,Sint-Janshospitaal Brugge,,,1296,08,05,
801,801o.png,keep,,,Sint-Janshospitaal Brugge,,,1296,07,26,
802,802o.png,keep,,,Sint-Janshospitaal Brugge,,,1296,07,19,vals 17e
803,803o.png,keep,,,Sint-Janshospitaal Brugge,,,1296,07,15,
804,804o.png,keep,,,Sint-Janshospitaal Brugge,,,1296,07,13,
805,805o.png,keep,,,Sint-Janshospitaal Brugge,,,1296,07,07,
806,806o.png,keep,,,Sint-Janshospitaal Brugge,,,1296,06,22,
807,807o.png,keep,,,Sint-Janshospitaal Brugge,,,1296,04,28,
808,808o.png,keep,,,Sint-Janshospitaal Brugge,,,1296,02,11,
809,809o.png,keep,,,Sint-Janshospitaal Brugge,,,1296,01,31,
810,810o.png,keep,,,Sint-Janshospitaal Brugge,,,1295,12,17,
811,811o.png,keep,,,Sint-Janshospitaal Brugge,,,1295,12,17,
812,812o.png,keep,,,Sint-Janshospitaal Brugge,,,1295,12,17,
813,813o.png,keep,,,Sint-Janshospitaal Brugge,,,1295,11,20,
814,814o.png,keep,,,Sint-Janshospitaal Brugge,,,1295,11,15,
815,815o.png,keep,,,Sint-Janshospitaal Brugge,,,1295,11,05,
816,816o.png,keep,,,C.O.O. Brugge,Dis Sint-Gillis,,1297,01,26,
817,817o.png,keep,,,C.O.O. Brugge,Magdalenahospitaal,,1296,12,21,
818,818o.png,keep,,,C.O.O. Brugge,Magdalenahospitaal,,1295,06,28,
819,819o.png,keep,,,C.O.O. Brugge,Magdalenahospitaal,,1294,05,14,
820,820o.png,keep,,,C.O.O. Brugge,Magdalenahospitaal,,1294,05,01,
821,821o.png,keep,,,C.O.O. Brugge,rekening Watering van Blankenberge,,1294,04,21,
822,822o.png,keep,,,C.O.O. Brugge,Begijnhof,,129x,xx,xx,
823,823o.png,keep,,,C.O.O. Brugge,Begijnhof,,1294,01,16,
824,824o.png,keep,,,C.O.O. Brugge,Begijnhof,,1293,05,08,
825,825o.png,keep,,,C.O.O. Brugge,rekening Watering van Blankenberge,,1293,04,01,
826,826o.png,keep,,,C.O.O. Brugge,Magdalenahospitaal,,1293,03,20,
827,827o.png,keep,,,C.O.O. Brugge,Magdalenahospitaal,,1292,03,09,
828,828o.png,keep,,,C.O.O. Brugge,Magdalenahospitaal,,1292,03,01,
829,829o.png,keep,,,C.O.O. Brugge,Begijnhof,,1292,01,12,
830,830o.png,keep,,,C.O.O. Brugge,Magdalenahospitaal,,1291,10,31,
831,831o.png,keep,,,C.O.O. Brugge,Magdalenahospitaal,,1291,09,27,
832,832o.png,keep,,,C.O.O. Brugge,Magdalenahospitaal,,1291,09,01,
833,833o.png,keep,,,C.O.O. Brugge,Magdalenahospitaal,,1291,07,21,
834,834o.png,keep,,,C.O.O. Brugge,Begijnhof,,1291,04,14,
835,835o.png,keep,,,C.O.O. Brugge,Magdalenahospitaal,,1291,03,31,
836,836o.png,keep,,,C.O.O. Brugge,Dis Sint-Salvators,,1291,03,26,
837,837o.png,keep,,,C.O.O. Brugge,Magdalenahospitaal,,1300,08,20,
838,838o.png,keep,,,Potterie Brugge,,,1299,07,04,
839,839o.png,keep,,,SA Brugge,,1306/174,1299,09,xx,
840,840o.png,keep,,,SA Brugge,,1306/140,1294,12,25,
841,841o.png,keep,,,SA Brugge,,81,1294,12,30,
842,842o.png,keep,,,SA Brugge,,80,1294,12,18,
843,843o.png,keep,,,SA Brugge,,79,1294,12,04,
844,844o.png,keep,,,SA Brugge,,78,1294,11,13,
845,845o.png,keep,,,SA Brugge,,77,1294,10,21,
846,846o.png,keep,,,SA Brugge,,76,1294,09,18,
847,847o.png,keep,,,SA Brugge,,74,1294,07,10,
848,848o.png,keep,,,SA Brugge,,72,1294,06,12,
849,849o.png,keep,,,SA Brugge,,1306/88,1293,01,01,
850,850o.png,keep,,,SA Brugge,,64,129x,xx,xx,
851,851o.png,keep,,,SA Brugge,Bogaarden I,17,1292,02,25,
852,852o.png,keep,,,SA Brugge,,1306/54,1291,06,23,
853,853o.png,keep,,,SA Brugge,Bogaarden I,10,1290,xx,xx,
854,854o.png,keep,,,Sint-Janshospitaal Brugge,,,1292,06,27,
855,855o.png,keep,,,Sint-Janshospitaal Brugge,,,1292,06,06,
856,856o.png,keep,,,Sint-Janshospitaal Brugge,,,1292,05,24,
857,857o.png,keep,,,AB Mechelen,Beggaarden,,1293,08,30,
858,858o.png,keep,,,SA Antwerpen,,,129x,xx,xx,
859,859o.png,keep,,,RA Antwerpen,Mechelse schepenbrieven,,1299,01,11,
860,860o.png,keep,,,Sint-Janshospitaal Brugge,,,1297,03,16,
861,861o.png,keep,,,Sint-Janshospitaal Brugge,,,1295,03,14,
862,862o.png,keep,,,Sint-Janshospitaal Brugge,,,1290,03,11,
863,863o.png,keep,,,Sint-Janshospitaal Brugge,,,1290,01,28,
864,864o.png,keep,,,Sint-Janshospitaal Brugge,,,1290,01,27,
865,865o.png,keep,,,Potterie Brugge,,,1299,11,13,
866,866o.png,keep,,,SA Brugge,,1306/177,1300,06,24,
867,867o.png,keep,,,SA Brugge,,1306/176,1300,06,24,
868,868o.png,keep,,,RA Brugge,blauw,11459,1300,05,xx,
869,869o.png,keep,,,SA Brugge,,146,1299,11,xx,
870,870o.png,keep,,,Potterie Brugge,,,1299,12,19,
871,871o.png,keep,,,AB Mechelen,Blijdenberg,,1291,06,09,
872,872o.png,keep,,,AB Mechelen,Blijdenberg,,1291,06,21,
873,873o.png,keep,,,AB Mechelen,Blijdenberg,,1292,06,03,
874,874o.png,keep,,,AB Mechelen,Blijdenberg,,1292,07,01,
875,875o.png,keep,,,AB Mechelen,Blijdenberg,,1293,03,10,
876,876o.png,keep,,,AB Mechelen,Begijnhof,,1299,04,26,
877,877o.png,keep,,,AB Mechelen,Begijnhof,,1298,08,14,
878,878o.png,keep,,,AB Mechelen,Begijnhof,,129x,xx,xx,
879,879o.png,keep,,,AB Mechelen,Begijnhof,,1297,01,19,
880,880o.png,keep,,,AB Mechelen,Begijnhof,,1296,11,24,
881,881o.png,keep,,,AB Mechelen,Begijnhof,,1296,05,10,
882,882o.png,keep,,,AB Mechelen,Begijnhof,,1296,01,29,
883,883o.png,keep,,,AB Mechelen,Begijnhof,,1292,06,04,
884,884o.png,keep,,,AB Mechelen,Begijnhof,,1291,05,xx,
885,885o.png,keep,,,AB Mechelen,Begijnhof,,1291,02,03,
886,886o.png,keep,,,AB Mechelen,Blijdenberg,,1293,03,24,
887,887o.png,keep,,,AB Mechelen,Beggaarden,,1295,02,21,
888,888o.png,keep,,,AB Mechelen,Beggaarden,,1292,11,13,
889,889o.png,keep,,,AB Mechelen,Beggaarden,,1292,12,31,
890,890o.png,keep,,,AB Mechelen,Beggaarden,,1291,05,16,
891,891o.png,keep,,,AB Mechelen,Beggaarden,,1291,05,16,
892,892o.png,keep,,,AB Mechelen,Beggaarden,,1291,05,03,
893,893o.png,keep,,,SA Mechelen,,,1294,02,18,
894,894o.png,keep,,,AB Mechelen,Begijnhof,,1290,07,15,
895,895o.png,keep,,,SA Mechelen,Begijnhof,,1291,03,01,
896,896o.png,keep,,,SA Mechelen,Begijnhof,,1296,10,12,
897,897o.png,keep,,,SA Mechelen,Begijnhof,,1300,11,17,
898,898o.png,keep,,,AB Mechelen,Blijdenberg,,1291,04,08,
899,899o.png,keep,,,AB Mechelen,Blijdenberg,,1291,04,08,
900,900o.png,keep,,,AB Mechelen,Blijdenberg,,1291,05,13,
901,901o.png,keep,,,Potterie Brugge,,,1292,01,18,
902,902o.png,keep,,,Potterie Brugge,,,1292,01,19,
903,903o.png,keep,,,Potterie Brugge,,,1292,02,03,
904,904o.png,keep,,,Potterie Brugge,,,1292,02,22,
905,905o.png,keep,,,Potterie Brugge,,,1292,03,01,
906,906o.png,keep,,,Potterie Brugge,,,1292,03,01,
907,907o.png,keep,,,Potterie Brugge,,,1292,03,xx,
908,908o.png,keep,,,Potterie Brugge,,,1292,03,xx,
909,909o.png,keep,,,Potterie Brugge,,,1292,05,03,
910,910o.png,keep,,,Potterie Brugge,,,1292,05,10,
911,911o.png,keep,,,Potterie Brugge,,,1292,07,05,
912,912o.png,keep,,,Potterie Brugge,,,1292,07,12,
913,913o.png,keep,,,Potterie Brugge,,,1292,07,xx,
914,914o.png,keep,,,Potterie Brugge,,,1292,11,07,
915,915o.png,keep,,,Potterie Brugge,,,1293,03,08,
916,916o.png,keep,,,Potterie Brugge,,,1293,11,28,
917,917o.png,keep,,,Potterie Brugge,,,1294,01,16,
918,918o.png,keep,,,Potterie Brugge,,,1294,01,16,
919,919o.png,keep,,,Potterie Brugge,,,1294,02,12,
920,920o.png,keep,,,Potterie Brugge,,,1294,02,12,
921,921o.png,keep,,,Potterie Brugge,,,129x,04,xx,
922,922o.png,keep,,,Potterie Brugge,,,1295,01,11,
923,923o.png,keep,,,Potterie Brugge,,,1296,07,01,
924,924o.png,keep,,,Potterie Brugge,,,1296,07,14,
925,925o.png,keep,,,Potterie Brugge,,,1297,03,02,
926,926o.png,keep,,,Potterie Brugge,,,1297,03,30,
927,927o.png,keep,,,Potterie Brugge,,,1297,04,15,
928,928o.png,keep,,,Potterie Brugge,,,1297,04,15,
929,929o.png,keep,,,Potterie Brugge,,,1297,04,20,
930,930o.png,keep,,,Potterie Brugge,,,1299,01,30,
931,931o.png,keep,,,Potterie Brugge,,,1299,02,25,
932,932o.png,keep,,,Potterie Brugge,,,1299,03,11,
933,933o.png,keep,,,C.O.O. Brugge,Magdalenahospitaal,,1299,07,04,
934,934o.png,keep,,,C.O.O. Brugge,Dis Sint-Salvators,,1299,07,18,
935,935o.png,keep,,,Potterie Brugge,,,1290,02,08,
936,936o.png,keep,,,SA Brugge,Potterie,,13xx,xx,xx,
937,937o.png,keep,,,Maria Middelares Gent,Bijloke,,1298,05,29,
938,938o.png,keep,,,Potterie Brugge,,,1290,05,14,
939,939o.png,keep,,,Potterie Brugge,,,1290,05,xx,
940,940o.png,keep,,,Potterie Brugge,,,1290,07,15,
941,941o.png,keep,,,Potterie Brugge,,,1290,09,09,
942,942o.png,keep,,,Potterie Brugge,,,1290,10,20,
943,943o.png,keep,,,Potterie Brugge,,,1291,02,24,
944,944o.png,keep,,,Potterie Brugge,,,1291,03,03,
945,945o.png,keep,,,Potterie Brugge,,,1291,06,02,
946,946o.png,keep,,,Potterie Brugge,,,1291,06,23,
947,947o.png,keep,,,Potterie Brugge,,,1291,11,03,
948,948o.png,keep,,,Potterie Brugge,,,1291,11,24,
949,949o.png,keep,,,Sint-Janshospitaal Brugge,,,1295,11,05,
950,950o.png,keep,,,Sint-Janshospitaal Brugge,,,1295,09,03,
951,951o.png,keep,,,Sint-Janshospitaal Brugge,,,1295,06,10,
952,952o.png,keep,,,Sint-Janshospitaal Brugge,,,1295,06,08,
953,953o.png,keep,,,Sint-Janshospitaal Brugge,,,1295,06,08,
954,954o.png,keep,,,Sint-Janshospitaal Brugge,,,1295,04,16,
955,955o.png,keep,,,Sint-Janshospitaal Brugge,,,1295,04,09,
956,956o.png,keep,,,Maria Middelares Gent,Bijloke,,1292,03,xx,
957,957o.png,keep,,,RA Brugge,cart. O.L.Vrouwkerk,,129x,xx,xx,
958,958o.png,keep,,,Sint-Janshospitaal Brugge,,,1292,05,17,
959,959o.png,keep,,,Sint-Janshospitaal Brugge,,,1292,03,15,
960,960o.png,keep,,,Sint-Janshospitaal Brugge,,,1292,03,14,
961,961o.png,keep,,,Sint-Janshospitaal Brugge,,,1292,03,22,
962,962o.png,keep,,,Sint-Janshospitaal Brugge,,,1292,03,07,
963,963o.png,keep,,,Sint-Janshospitaal Brugge,,,1292,01,19,
964,964o.png,keep,,,Sint-Janshospitaal Brugge,,,1292,01,18,
965,965o.png,keep,,,Sint-Janshospitaal Brugge,,,1291,11,23,
966,966o.png,keep,,,Sint-Janshospitaal Brugge,,,1291,11,16,
967,967o.png,keep,,,Sint-Janshospitaal Brugge,,,1291,10,20,
968,968o.png,keep,,,Sint-Janshospitaal Brugge,,,1291,10,06,
969,969o.png,keep,,,Sint-Janshospitaal Brugge,,,1291,08,04,
970,970o.png,keep,,,Sint-Janshospitaal Brugge,,,1291,07,28,
971,971o.png,keep,,,Sint-Janshospitaal Brugge,,,1291,07,19,
972,972o.png,keep,,,Sint-Janshospitaal Brugge,,,1291,07,10,
973,973o.png,keep,,,Sint-Janshospitaal Brugge,,,1291,06,29,
974,974o.png,keep,,,Sint-Janshospitaal Brugge,,,1291,06,02,
975,975o.png,keep,,,Sint-Janshospitaal Brugge,,,1291,05,29,
976,976o.png,keep,,,Sint-Janshospitaal Brugge,,,1291,05,11,
977,977o.png,keep,,,Sint-Janshospitaal Brugge,,,1291,04,07,
978,978o.png,keep,,,Sint-Janshospitaal Brugge,,,1291,03,31,
979,979o.png,keep,,,Sint-Janshospitaal Brugge,,,1291,03,24,
980,980o.png,keep,,,Sint-Janshospitaal Brugge,,,1291,03,24,
981,981o.png,keep,,,Sint-Janshospitaal Brugge,,,1291,02,03,
982,982o.png,keep,,,Sint-Janshospitaal Brugge,,,1291,01,26,
983,983o.png,keep,,,Sint-Janshospitaal Brugge,,,1290,11,25,
984,984o.png,keep,,,Sint-Janshospitaal Brugge,,,1290,11,04,
985,985o.png,keep,,,Sint-Janshospitaal Brugge,,,1290,09,09,
986,986o.png,keep,,,Sint-Janshospitaal Brugge,,,1290,09,02,
987,987o.png,keep,,,Sint-Janshospitaal Brugge,,,1290,08,29,
988,988o.png,keep,,,Sint-Janshospitaal Brugge,,,1290,07,15,
989,989o.png,keep,,,Sint-Janshospitaal Brugge,,,1290,06,03,
990,990o.png,keep,,,Sint-Janshospitaal Brugge,,,1290,07,02,
991,991o.png,keep,,,Sint-Janshospitaal Brugge,,,1290,07,02,
992,992o.png,keep,,,Sint-Janshospitaal Brugge,,,1290,06,17,
993,993o.png,keep,,,Sint-Janshospitaal Brugge,,,1290,04,15,
994,994o.png,keep,,,Groot Seminarie Gent,,,1294,10,xx,
995,995o.png,keep,,,C.O.O. Brugge,Magdalenahospitaal,,1291,01,15,
996,996o.png,keep,,,C.O.O. Brugge,Magdalenahospitaal,,1290,10,28,
997,997o.png,keep,,,C.O.O. Brugge,Magdalenahospitaal,,1290,09,02,
998,998o.png,keep,,,C.O.O. Brugge,Dis Sint-Salvators,,1290,07,22,
999,999o.png,keep,,,C.O.O. Brugge,Magdalenahospitaal,,1290,06,01,
1000,1000o.png,keep,,,C.O.O. Brugge,Magdalenahospitaal,,1290,06,01,
1001,1001o.png,keep,,,C.O.O. Brugge,Magdalenahospitaal,,1290,03,11,
1002,1002o.png,keep,,,C.O.O. Brugge,Begijnhof,,1290,03,04,
1003,1003o.png,keep,,,C.O.O. Brugge,Magdalenahospitaal,,1300,08,20,
1004,1004o.png,keep,,,SA Gent,Groot Begijnhof,,1298,02,25,
1005,1005o.png,keep,,,SA Gent,Poortakker,,1296,12,13,
1006,1006o.png,keep,,,SA Gent,Bijloke,,1293,06,22,
1007,1007o.png,keep,,,SA Gent,Poortakker,,1292,03,xx,
1008,1008o.png,keep,,,SA Gent,Poortakker,,1291,02,26,
1009,1009o.png,keep,,,SA Gent,Hebbrechts hospitaal,,129x,xx,xx,
1010,1010o.png,keep,,,SA Antwerpen,K,1235,1299,05,02,
1011,1011o.png,keep,,,RA Gent,Sint-Pietersabdij,,1297,02,28,
1012,1012o.png,keep,,,RA Gent,Rijke Klaren,,1292,03,18,
1013,1013o.png,keep,,,RA Gent,Rijke Klaren,,1293,06,01,
1014,1014o.png,keep,,,RA Gent,Rijke Klaren,,1293,06,04,
1015,1015o.png,keep,,,RA Gent,Sint-Pietersabdij,,1292,05,22,
1016,1016o.png,keep,,,RA Gent,Sint-Niklaaskerk,,1294,10,01,
1017,1017o.png,keep,,,RA Gent,renteboek Sint-Niklaaskerk,,129x,xx,xx,
1018,1018o.png,keep,,,RA Gent,Sint-Niklaaskerk,,1298,11,08,
1019,1019o.png,keep,,,RA Gent,Sint-Niklaaskerk,,1278,07,xx,
1020,1020o.png,keep,,,RA Gent,Sint-Elizabeth,,1292,01,20,
1021,1021o.png,keep,,,RA Gent,Sint-Pietersabdij,,1298,09,10,
1022,1022o.png,keep,,,RA Gent,Rijke Klaren,,1291,03,13,
1023,1023o.png,keep,,,RA Gent,Rijke Klaren,,1291,03,13,
1024,1024o.png,keep,,,RA Gent,Sint-Pietersabdij,,1294,10,29,
1025,1025o.png,keep,,,RA Gent,Sint-Pietersabdij,,1297,04,16,
1026,1026o.png,keep,,,RA Gent,Rijke Gasthuis,,1293,07,11,
1027,1027o.png,keep,,,RA Gent,Rijke Gasthuis,,129x,xx,xx,
1028,1028o.png,keep,,,RA Gent,Rijke Gasthuis,,1295,03,27,
1029,1029o.png,keep,,,RA Gent,Rijke Gasthuis,,1297,12,19,
1030,1030o.png,keep,,,RA Gent,Rijke Gasthuis,,1298,10,05,
1031,1031o.png,keep,,,RA Gent,Rijke Gasthuis,,1297,xx,xx,
1032,1032o.png,keep,,,RA Gent,Rijke Gasthuis,,1291,10,28,
1033,1033o.png,keep,,,RA Gent,Gaillard,773,12xx,xx,xx,
1034,1034o.png,keep,,,RA Gent,chron. suppl. 272,,12xx,xx,xx,
1035,1035o.png,keep,,,RA Gent,de Ghellinck-Vaernewyck,,1292,12,10,
1036,1036o.png,keep,,,RA Gent,Oosteeklo,,1292,11,14,
1037,1037o.png,keep,,,RA Gent,Oosteeklo,,1292,11,15,
1038,1038o.png,keep,,,RA Gent,Onze-Lieve-Vrouwkerk,,1292,01,11,
1039,1039o.png,keep,,,RA Gent,Rijke Gasthuis,,1293,05,02,
1040,1040o.png,keep,,,RA Gent,Rijke Gasthuis,,1293,05,02,
1041,1041o.png,keep,,,RA Gent,chron. suppl. 162,,12xx,xx,xx,
1042,1042o.png,keep,,,RA Gent,Saint-Genois,589,1291,04,26,
1043,1043o.png,keep,,,RA Gent,Saint-Genois,646,1292,08,01,
1044,1044o.png,keep,,,RA Gent,Gaillard,362,1293,03,06,
1045,1045o.png,keep,,,RA Gent,Gaillard,438,1294,01,13,
1046,1046o.png,keep,,,RA Gent,Saint-Genois,715,1294,04,04,
1047,1047o.png,keep,,,RA Gent,Sint-Veerle,,1296,08,31,
1048,1048o.png,keep,,,RA Gent,Sint-Veerle,,1296,09,18,
1049,1049o.png,keep,,,RA Gent,Sint-Veerle,,1298,12,15,
1050,1050o.png,keep,,,RA Gent,Sint-Veerle,,1298,10,06,
1051,1051o.png,keep,,,RA Gent,Sint-Veerle,,1298,10,14,
1052,1052o.png,keep,,,RA Gent,Nieuwenbosse,,1300,11,18,
1053,1053o.png,keep,,,RA Gent,Zoetendale,,1296,12,19,
1054,1054o.png,keep,,,RA Gent,Saint-Genois,751,1295,03,08,
1055,1055o.png,keep,,,RA Gent,Gaillard,1065,1295,xx,xx,
1056,1056o.png,keep,,,RA Gent,Saint-Genois,1072,1295,xx,xx,
1057,1057o.png,keep,,,RA Gent,Gaillard,82,1295,xx,xx,
1058,1058o.png,keep,,,RA Gent,chron. suppl. 158,,129x,xx,xx,
1059,1059o.png,keep,,,RA Gent,Gaillard,470,1298,05,23,
1060,1060o.png,keep,,,RA Gent,chron. suppl. 256,,1299,03,11,
1061,1061o.png,keep,,,RA Gent,Saint-Genois,1001,1299,03,27,
1062,1062o.png,keep,,,RA Gent,chron. suppl. 265,,1299,xx,xx,
1063,1063o.png,keep,series_first,1063,RA Gent,Saint-Genois,1051,1299,xx,xx,
1064,1064o.png,drop,series_of=1063o,1063,RA Gent,Saint-Genois,1051,1299,xx,xx,
1065,1065o.png,keep,,,RA Gent,Oosteeklo,,1295,12,09,
1066,1066o.png,keep,,,RA Gent,Oosteeklo,,1297,02,08,
1067,1067o.png,keep,,,RA Gent,Nieuwenbosse,,1293,04,06,
1068,1068o.png,keep,,,RA Gent,Zoetendale,,1291,12,19,
1069,1069o.png,keep,,,RA Gent,Zoetendale,,1293,12,03,
1070,1070o.png,keep,,,RA Gent,Sint-Baafs,,1297,03,11,
1071,1071o.png,keep,,,RA Gent,Sint-Baafs,,1293,10,08,
1072,1072o.png,keep,,,RA Gent,Sint-Baafs,,1299,04,26,
1073,1073o.png,keep,,,RA Gent,Sint-Baafs,,1296,10,07,
1074,1074o.png,keep,,,RA Gent,Sint-Baafs,,1293,09,13,
1075,1075o.png,keep,,,RA Gent,Sint-Elizabeth,,1291,01,01,
1076,1076o.png,keep,,,RA Gent,Sint-Elizabeth,,1300,10,xx,
1077,1077o.png,keep,,,RA Gent,Sint-Elizabeth,,1296,04,24,
1078,1078o.png,keep,,,RA Gent,Sint-Elizabeth,,1297,04,04,
1079,1079o.png,keep,,,RA Beveren-Waas,Boudelo,,1298,03,xx,
1080,1080o.png,keep,,,RA Ronse,Beaulieu Petegem,,1295,07,22,
1081,1081o.png,keep,,,RA Ronse,abdij Ninove,,1290,05,xx,
1082,1082o.png,keep,,,RA Gent,Sint-Elizabeth,,1300,12,xx,
1083,1083o.png,keep,,,RA Ronse,abdij Ninove,,1295,05,xx,
1084,1084o.png,keep,,,RA Ronse,abdij Ninove,,1299,07,05,
1085,1085o.png,keep,,,RA Gent,begijnhof Aalst,,1296,08,21,
1086,1086o.png,keep,,,RA Gent,hospitaal Aalst,,1292,05,28,
1087,1087o.png,keep,,,RA Gent,hospitaal Aalst,,1291,03,21,
1088,1088o.png,keep,,,RA Gent,begijnhof Aalst,,1300,06,20,
1089,1089o.png,keep,,,RA Gent,begijnhof Aalst,,1295,10,08,
1090,1090o.png,keep,,,RA Gent,begijnhof Aalst,,1291,02,17,
1091,1091o.png,keep,,,RA Ronse,abdij Geraardsbergen,,1294,08,xx,
1092,1092o.png,keep,,,RA Ronse,hospitaal Geraardsbergen,,1290,06,29,
1093,1093o.png,keep,,,RA Ronse,hospitaal Geraardsbergen,,1291,09,xx,
1094,1094o.png,keep,,,RA Ronse,hospitaal Geraardsbergen,,1294,02,16,
1095,1095o.png,keep,,,RA Ronse,abdij Geraardsbergen,,1294,05,xx,
1096,1096o.png,keep,,,RA Ronse,hospitaal Geraardsbergen,,1295,09,xx,
1097,1097o.png,keep,,,RA Ronse,abdij Geraardsbergen,,1297,02,xx,
1098,1098o.png,keep,,,RA Ronse,hospitaal Geraardsbergen,,129x,03,xx,
1099,1099o.png,keep,,,RA Ronse,Beaupré,,1296,05,xx,
1100,1100o.png,keep,,,RA Ronse,hospitaal Geraardsbergen,,1291,11,xx,
1101,1101o.png,keep,,,RA Ronse,hospitaal Geraardsbergen,,1294,02,15,
1102,1102o.png,keep,,,Rijksarchief Brugge,Aanwinsten,4681 VIII,1297,05,31,
1103,1103o.png,keep,,,Bisdom Brugge,Urbanisten,,1293,05,09,
1104,1104o.png,keep,,,Bisdom Brugge,Urbanisten,,1294,03,13,
1105,1105o.png,keep,,,Bisdom Brugge,Urbanisten,,1293,05,09,
1106,1106o.png,keep,,,Rijksarchief Brugge,Aanwinsten,4682 II,1291,09,11,
1107,1107o.png,keep,,,Rijksarchief Brugge,Aanwinsten,1906/13,1291,05,27,rekening Sint-Janshospitaal Brugge
1108,1108o.png,keep,,,Bisdom Brugge,Urbanisten,,1290,12,02,
1109,1109o.png,keep,,,Bisdom Brugge,Urbanisten,,1290,10,06,
1110,1110o.png,keep,,,Rijksarchief Brugge,Aanwinsten,3803/58,1290,06,17,
1111,1111o.png,keep,,,Grimbergen,,,1290,05,22,
1112,1112o.png,keep,,,Grimbergen,,,1290,09,08,
1113,1113o.png,keep,,,Grimbergen,,,1291,11,30,
1114,1114o.png,keep,,,Grimbergen,,,1293,03,xx,
1115,1115o.png,keep,,,Grimbergen,,,1294,11,25,
1116,1116o.png,keep,,,Grimbergen,,,1296,05,13,
1117,1117o.png,keep,,,Grimbergen,,,1296,11,13,
1118,1118o.png,keep,,,Grimbergen,,,1298,01,20,
1119,1119o.png,keep,,,Grimbergen,,,1299,06,08,
1120,1120o.png,keep,,,ARA Brussel,Kerkelijk fonds,5577,1291,06,03,
1121,1121o.png,keep,,,ARA Brussel,rolrekening,2903,1293,07,28,
1122,1122o.png,keep,,,ARA Brussel,Kerkelijk fonds,5577,1294,xx,xx,
1123,1123o.png,keep,,,ARA Brussel,Kerkelijk fonds,5577,1297,05,xx,
1124,1124o.png,keep,,,ARA Brussel,Kerkelijk fonds,5577,1297,06,18,
1125,1125o.png,keep,,,ARA Brussel,Kerkelijk fonds,5577,1297,06,23,
1126,1126o.png,keep,,,ARA Brussel,Kerkelijk fonds,5578,1298,03,25,
1127,1127o.png,keep,,,ARA Brussel,Kerkelijk fonds,5886,1298,12,21,
1128,1128o.png,keep,,,ARA Brussel,Kerkelijk fonds,19851,1299,03,22,
1129,1129o.png,keep,,,ARA Brussel,Charters van Vlaanderen II,48,1299,03,27,
1130,1130o.png,keep,,,ARA Brussel,Kerkelijk fonds,5578,1299,10,25,
1131,1131o.png,keep,,,ARA Brussel,Kerkelijk fonds,7015,1299,04,xx,
1132,1132o.png,keep,,,Stadsarchief Mechelen,Leliëndaal,,1300,04,03,
1133,1133o.png,keep,,,Sint-Rombouts Mechelen,,,1298,10,08,
1134,1134o.png,keep,,,Sint-Rombouts Mechelen,,,1294,06,10,
1135,1135o.png,keep,,,Groot Seminarie Brugge,Eekhout,,1290,10,17,
1136,1136o.png,keep,,,Groot Seminarie Brugge,Ter Duinen,,1291,01,17,
1137,1137o.png,keep,,,Groot Seminarie Brugge,Eekhout,,1291,06,22,
1138,1138o.png,keep,,,Spermalie Brugge,,,1292,01,27,
1139,1139o.png,keep,,,Spermalie Brugge,,,1292,03,22,
1140,1140o.png,keep,,,Groot Seminarie Brugge,Eekhout,,1292,06,06,
1141,1141o.png,keep,,,Groot Seminarie Brugge,Ter Duinen,,1292,06,06,
1142,1142o.png,keep,,,Spermalie Brugge,,,1293,01,25,
1143,1143o.png,keep,,,Groot Seminarie Brugge,Ter Duinen,,1293,09,07,
1144,1144o.png,keep,,,Groot Seminarie Brugge,Ter Duinen,,1293,09,07,
1145,1145o.png,keep,,,Groot Seminarie Brugge,Eekhout,,1293,11,28,
1146,1146o.png,keep,,,Spermalie Brugge,,,1294,02,06,
1147,1147o.png,keep,,,Spermalie Brugge,,,1294,03,02,
1148,1148o.png,keep,,,Spermalie Brugge,,,1294,06,22,
1149,1149o.png,keep,,,Spermalie Brugge,,,1294,09,26,
1150,1150o.png,keep,,,Spermalie Brugge,,,1294,12,19,
1151,1151o.png,keep,,,Groot Seminarie Brugge,Ter Duinen,,1295,01,15,
1152,1152o.png,keep,,,Spermalie Brugge,,,1295,02,08,
1153,1153o.png,keep,,,Spermalie Brugge,,,1295,02,23,
1154,1154o.png,keep,,,Spermalie Brugge,,,1295,07,08,
1155,1155o.png,keep,,,Spermalie Brugge,,,12xx,xx,xx,
1156,1156o.png,keep,,,Spermalie Brugge,,,1295,11,04,
1157,1157o.png,keep,,,Groot Seminarie Brugge,Eversam,,1295,12,02,
1158,1158o.png,keep,,,Groot Seminarie Brugge,Eekhout,,1296,02,17,
1159,1159o.png,keep,,,Spermalie Brugge,,,1296,06,26,
1160,1160o.png,keep,,,Spermalie Brugge,,,1296,09,11,
1161,1161o.png,keep,,,Groot Seminarie Brugge,Ter Duinen,,1296,10,26,
1162,1162o.png,keep,,,Groot Seminarie Brugge,Eekhout,,1296,12,08,
1163,1163o.png,keep,,,Groot Seminarie Brugge,Eekhout,,1297,01,12,
1164,1164o.png,keep,,,Groot Seminarie Brugge,Ter Duinen,,1297,06,28,
1165,1165o.png,keep,,,Groot Seminarie Brugge,Eekhout,,1298,05,03,
1166,1166o.png,keep,,,Spermalie Brugge,,,1298,07,27,
1167,1167o.png,keep,,,Spermalie Brugge,,,1298,11,14,
1168,1168o.png,keep,,,Spermalie Brugge,,,1299,05,12,
1169,1169o.png,keep,,,Spermalie Brugge,,,1299,05,23,
1170,1170o.png,keep,,,Groot Seminarie Brugge,Eekhout,,1299,10,09,
1171,1171o.png,keep,,,Groot Seminarie Brugge,Ter Duinen,,1300,02,05,
1172,1172o.png,keep,,,Groot Seminarie Brugge,Eekhout,,1300,10,28,
1173,1173o.png,keep,,,Eversam,,,13xx,xx,xx,
1174,1174o.png,keep,,,Zieriksee,,,1300,05,05,
1175,1175o.png,keep,,,Rijksarchief Limburg,Torn Maastricht,,1297,10,26,
1176,1176o.png,keep,,,Rijksarchief Maastricht,Predikheren,,1294,05,09,
1177,1177o.png,keep,,,Rijksarchief Maastricht,Predikheren,,1294,05,09,
1178,1178o.png,keep,,,Rijksarchief Maastricht,Predikheren,,1294,04,06,
1179,1179o.png,keep,,,Rijksarchief Maastricht,Predikheren,,1294,04,06,
1180,1180o.png,keep,,,Rijksarchief Maastricht,Predikheren,,1294,04,04,
1181,1181o.png,keep,,,Rijksarchief Maastricht,Predikheren,,1294,04,04,
1182,1182o.png,keep,,,Rijksarchief Maastricht,Predikheren,,1294,03,07,
1183,1183o.png,keep,,,Schoonhoven,,,1290,06,12,
1184,1184o.png,keep,,,Schoonhoven,,,1290,06,12,
1185,1185o.png,keep,,,Schoonhoven,,,1297,08,08,
1186,1186o.png,keep,,,Vianen,,,1286,xx,xx,
1187,1187o.png,keep,,,Zieriksee,,,1293,09,09,
1188,1188o.png,keep,,,Zieriksee,,,1296,05,01,
1189,1189o.png,keep,,,Zieriksee,,,1297,01,10,
1190,1190o.png,keep,,,Zieriksee,,,1297,02,01,
1191,1191o.png,keep,,,Zieriksee,,,1297,02,07,
1192,1192o.png,keep,,,Zieriksee,,,1297,03,02,
1193,1193o.png,keep,,,Zieriksee,,,1297,03,02,
1194,1194o.png,keep,,,Zieriksee,,,1297,03,03,
1195,1195o.png,keep,,,Zieriksee,,,1299,12,08,
1196,1196o.png,keep,,,Zieriksee,,,1300,05,05,
1197,1197o.png,keep,,,Zieriksee,,,1300,05,05,
1198,1198o.png,keep,,,UB Leiden,Boudelo,Lk 1635,1299,02,01,
1199,1199o.png,keep,,,UB Leiden,Boudelo,Lk 1635,1294,02,03,
1200,1200o.png,keep,,,Karmelietenklooster Brugge,statuten gilde zwartledertouwers Brugge,,12xx,xx,xx,
1201,1201o.png,keep,,,RA Brugge,Sint-Jacobskerk,,1292,12,12,
1202,1202o.png,keep,,,RA Brugge,Sint-Jacobskerk,,1293,05,09,
1203,1203o.png,keep,,,O.L.V. Brugge,,,1291,11,16,
1204,1204o.png,keep,,,O.L.V. Brugge,,,12xx,xx,xx,
1205,1205o.png,keep,,,SA Gent,,"162, 2 r°",1291,xx,xx,
1206,1206o.png,keep,,,Karmelieten Brugge,,,1297,02,02,
1207,1207o.png,keep,,,O.L.V. Brugge,,,1291,10,26,
1208,1208o.png,keep,,,RA Brugge,blauw,11680,1296,03,10,
1209,1209o.png,keep,,,Algemeen Rijksarchief Den Haag,Zeeland,,1292,08,03,
1210,1210o.png,keep,,,Algemeen Rijksarchief Den Haag,Zeeland,,1292,08,02,
1211,1211o.png,keep,,,Algemeen Rijksarchief Den Haag,Rijnsburg,,1292,03,25,
1212,1212o.png,keep,,,Algemeen Rijksarchief Den Haag,Grafelijkheid,,1292,03,2x,
1213,1213o.png,keep,,,Algemeen Rijksarchief Den Haag,Grafelijkheid,,1292,03,18,
1214,1214o.png,keep,,,Algemeen Rijksarchief Den Haag,Zeeland,,1292,02,11,
1215,1215o.png,keep,,,Algemeen Rijksarchief Den Haag,Rijnsburg,,1292,02,09,
1216,1216o.png,keep,,,Algemeen Rijksarchief Den Haag,Grafelijkheid,,1292,02,07,
1217,1217o.png,keep,,,Algemeen Rijksarchief Den Haag,Grafelijkheid,,1292,02,06,
1218,1218o.png,keep,,,Algemeen Rijksarchief Den Haag,Grafelijkheid,,1292,02,06,
1219,1219o.png,keep,,,Algemeen Rijksarchief Den Haag,Grafelijkheid,,1292,02,06,
1220,1220o.png,keep,,,Algemeen Rijksarchief Den Haag,Zeeland,,1292,02,06,
1221,1221o.png,keep,,,Algemeen Rijksarchief Den Haag,Zeeland,,1292,02,06,
1222,1222o.png,keep,,,Algemeen Rijksarchief Den Haag,Zeeland,,1292,02,06,
1223,1223o.png,keep,,,Algemeen Rijksarchief Den Haag,Zeeland,,1292,02,06,
1224,1224o.png,keep,,,Algemeen Rijksarchief Den Haag,Voorne,,1291,11,07,
1225,1225o.png,keep,,,Algemeen Rijksarchief Den Haag,Grafelijkheid,,1291,07,16,
1226,1226o.png,keep,,,Algemeen Rijksarchief Den Haag,Grafelijkheid,,1291,04,20,
1227,1227o.png,keep,,,Gemeentearchief Harderwijk,,,1291,03,27,
1228,1228o.png,keep,,,Algemeen Rijksarchief Den Haag,Zeeland,,1291,03,05,
1229,1229o.png,keep,,,Algemeen Rijksarchief Den Haag,Zeeland,,1291,03,05,
1230,1230o.png,keep,,,Algemeen Rijksarchief Den Haag,Rijnsburg,,1291,02,23,
1231,1231o.png,keep,,,Algemeen Rijksarchief Den Haag,Nassause Domeinraad I,618,1290,12,11,
1232,1232o.png,keep,,,Algemeen Rijksarchief Den Haag,Rijnsburg,,1296,04,01,
1233,1233o.png,keep,,,Algemeen Rijksarchief Den Haag,Voorne,,1296,03,26,
1234,1234o.png,keep,,,Algemeen Rijksarchief Den Haag,Rijnsburg,,1295,11,23,
1235,1235o.png,keep,,,Algemeen Rijksarchief Den Haag,Nassause Domeinraad I,37,1295,11,06,
1236,1236o.png,keep,,,Algemeen Rijksarchief Den Haag,Nassause Domeinraad I,422,1295,10,24,
1237,1237o.png,keep,,,Algemeen Rijksarchief Den Haag,Rijnsburg,,1295,08,29,
1238,1238o.png,keep,,,Algemeen Rijksarchief Den Haag,Putten,,1295,04,05,
1239,1239o.png,keep,,,Algemeen Rijksarchief Den Haag,Grafelijkheid,,1295,01,20,
1240,1240o.png,keep,,,Algemeen Rijksarchief Den Haag,Rijnsburg,,1294,xx,xx,
1241,1241o.png,keep,,,Algemeen Rijksarchief Den Haag,Nassause Domeinraad I,223,1294,10,13,
1242,1242o.png,keep,,,Algemeen Rijksarchief Den Haag,Rijnsburg,,1294,09,22,
1243,1243o.png,keep,,,Algemeen Rijksarchief Den Haag,Nassause Domeinraad I,408,1294,03,12,
1244,1244o.png,keep,,,Algemeen Rijksarchief Den Haag,Grafelijkheid,,1293,11,25,
1245,1245o.png,keep,,,Algemeen Rijksarchief Den Haag,Grafelijkheid,,1293,10,28,
1246,1246o.png,keep,,,Algemeen Rijksarchief Den Haag,Rijnsburg,,1293,09,25,
1247,1247o.png,keep,,,Algemeen Rijksarchief Den Haag,Voorne,,1293,07,08,
1248,1248o.png,keep,,,Algemeen Rijksarchief Den Haag,Nedersticht,,1293,06,28,
1249,1249o.png,keep,,,Algemeen Rijksarchief Den Haag,Grafelijkheid,,1293,05,07,
1250,1250o.png,keep,,,Algemeen Rijksarchief Den Haag,Grafelijkheid,,1293,05,07,
1251,1251o.png,keep,,,Algemeen Rijksarchief Den Haag,Grafelijkheid,,1293,04,03,
1252,1252o.png,keep,,,Algemeen Rijksarchief Den Haag,Rijnsburg,,1292,xx,xx,
1253,1253o.png,keep,,,Algemeen Rijksarchief Den Haag,Nedersticht,,1297,10,02,
1254,1254o.png,keep,,,Algemeen Rijksarchief Den Haag,Grafelijkheid,,1297,09,30,
1255,1255o.png,keep,,,Algemeen Rijksarchief Den Haag,Zeeland,,1297,09,13,
1256,1256o.png,keep,,,Algemeen Rijksarchief Den Haag,Leeuwenhorst,,1297,07,18,
1257,1257o.png,keep,,,Algemeen Rijksarchief Den Haag,Leeuwenhorst,,1297,07,18,
1258,1258o.png,keep,,,Algemeen Rijksarchief Den Haag,Leeuwenhorst,,1297,06,12,
1259,1259o.png,keep,series_first,1259,Algemeen Rijksarchief Den Haag,Nassause Domeinraad II,1303,1297,05,02,
1260,1260o.png,drop,series_of=1259o,1259,Algemeen Rijksarchief Den Haag,Nassause Domeinraad II,1303,1297,05,02,
1261,1261o.png,keep,,,Algemeen Rijksarchief Den Haag,Nedersticht,,1296,09,09,
1262,1262o.png,keep,,,Algemeen Rijksarchief Den Haag,Nedersticht,,1296,09,09,
1263,1263o.png,keep,,,Algemeen Rijksarchief Den Haag,Nedersticht,,1296,09,09,
1264,1264o.png,keep,,,Algemeen Rijksarchief Den Haag,Nedersticht,,1296,09,09,
1265,1265o.png,keep,,,Algemeen Rijksarchief Den Haag,Nedersticht,,1296,09,09,
1266,1266o.png,keep,,,Algemeen Rijksarchief Den Haag,Nedersticht,,1296,09,09,
1267,1267o.png,keep,,,Algemeen Rijksarchief Den Haag,Nedersticht,,1296,09,09,
1268,1268o.png,keep,,,Algemeen Rijksarchief Den Haag,Nedersticht,,1296,09,09,
1269,1269o.png,keep,,,Algemeen Rijksarchief Den Haag,Nassause Domeinraad II,4,1296,08,15,
1270,1270o.png,keep,,,Algemeen Rijksarchief Den Haag,Leeuwenhorst,,1296,06,29,
1271,1271o.png,keep,,,Algemeen Rijksarchief Den Haag,Nedersticht,,1296,06,20,
1272,1272o.png,keep,,,Algemeen Rijksarchief Den Haag,Grafelijkheid,,1299,10,18,
1273,1273o.png,keep,,,Algemeen Rijksarchief Den Haag,Zeeland,,1299,09,26,
1274,1274o.png,keep,,,Algemeen Rijksarchief Den Haag,Zeeland,,1299,08,01,
1275,1275o.png,keep,,,Algemeen Rijksarchief Den Haag,Rijnsburg,,1299,07,26,
1276,1276o.png,keep,,,Algemeen Rijksarchief Den Haag,Rijnsburg,,1299,07,26,
1277,1277o.png,keep,,,Algemeen Rijksarchief Den Haag,Arkel,,1299,07,25,
1278,1278o.png,keep,,,Algemeen Rijksarchief Den Haag,Koningsveld,,1299,07,11,
1279,1279o.png,keep,,,Algemeen Rijksarchief Den Haag,Nassause Domeinraad II,1306,1299,06,16,
1280,1280o.png,keep,,,Algemeen Rijksarchief Den Haag,Nassause Domeinraad II,5,1299,06,16,
1281,1281o.png,keep,,,Algemeen Rijksarchief Den Haag,Leeuwenhorst,,1299,04,12,
1282,1282o.png,keep,,,Algemeen Rijksarchief Den Haag,Grafelijkheid,,1298,06,30,
1283,1283o.png,keep,,,Algemeen Rijksarchief Den Haag,Grafelijkheid,,1298,06,28,
1284,1284o.png,keep,,,Algemeen Rijksarchief Den Haag,Grafelijkheid,,1298,06,24,
1285,1285o.png,keep,,,Algemeen Rijksarchief Den Haag,Rijnsburg,,1298,04,27,
1286,1286o.png,keep,,,Algemeen Rijksarchief Den Haag,Grafelijkheid,,1298,04,26,
1287,1287o.png,keep,,,Algemeen Rijksarchief Den Haag,Nassause Domeinraad II,1305,1298,04,24,
1288,1288o.png,keep,,,Algemeen Rijksarchief Den Haag,Rijnsburg,,1298,04,06,
1289,1289o.png,keep,,,Algemeen Rijksarchief Den Haag,Nassause Domeinraad II,1304,1297,11,25,
1290,1290o.png,keep,,,Algemeen Rijksarchief Den Haag,Koningsveld,,1297,10,10,
1291,1291o.png,keep,,,Algemeen Rijksarchief Den Haag,Egmond,,1300,11,02,
1292,1292o.png,keep,,,Algemeen Rijksarchief Den Haag,Koningsveld,,1300,07,17,
1293,1293o.png,keep,,,Algemeen Rijksarchief Den Haag,Nassause Domeinraad II,6,1300,05,21,
1294,1294o.png,keep,,,Algemeen Rijksarchief Den Haag,Nassause Domeinraad I,224,1300,04,24,
1295,1295o.png,keep,,,Algemeen Rijksarchief Den Haag,Koningsveld,,1300,01,24,
1296,1296o.png,keep,,,Gemeentearchief Harderwijk,,,1300,01,11,
1297,1297o.png,keep,,,Algemeen Rijksarchief Den Haag,Henegouwen,,1300,01,10,
1298,1298o.png,keep,,,Algemeen Rijksarchief Den Haag,Henegouwen,,1300,01,09,
1299,1299o.png,keep,,,Algemeen Rijksarchief Den Haag,Henegouwen,,1300,01,06,
1300,1300o.png,keep,,,Algemeen Rijksarchief Den Haag,Henegouwen,,1300,01,06,
1301,1301o.png,keep,,,Algemeen Rijksarchief Den Haag,Grafelijkheid,,1299,12,23,
1302,1302o.png,keep,,,Algemeen Rijksarchief Den Haag,Grafelijkheid,,1299,12,23,
1303,1303o.png,keep,,,Algemeen Rijksarchief Den Haag,Grafelijkheid,,1299,12,14,
1304,1304o.png,keep,,,Algemeen Rijksarchief Den Haag,Nassause Domeinraad I,100,1299,12,13,
1305,1305o.png,keep,,,Algemeen Rijksarchief Den Haag,Grafelijkheid,,1299,12,12,
1306,1306o.png,keep,,,Algemeen Rijksarchief Den Haag,Grafelijkheid,,1299,12,11,
1307,1307o.png,keep,,,Algemeen Rijksarchief Den Haag,Zeeland,,1299,12,07,
1308,1308o.png,keep,,,Algemeen Rijksarchief Den Haag,Zeeland,,1299,11,29,
1309,1309o.png,keep,,,Algemeen Rijksarchief Den Haag,Grafelijkheid,,1299,11,07,
1310,1310o.png,keep,,,Algemeen Rijksarchief Den Haag,Arkel,,1299,10,20,
1311,1311o.png,keep,,,Algemeen Rijksarchief Den Haag,Grafelijkheid,,1299,10,17,
1312,1312o.png,keep,,,Algemeen Rijksarchief Den Haag,Grafelijkheid,,1299,10,17,
1313,1313o.png,keep,,,Algemeen Rijksarchief Den Haag,Grafelijkheid,,1299,10,18,
1314,1314o.png,keep,,,Gemeentearchief van Amersfoort,,,1300,11,21,Deze informatie staat op de voorzijde (1314o).
1315,1315o.png,keep,,,Rijksarchief Utrecht,Bisschoppelijk archief,n° 424,1298,10,25,
1316,1316o.png,keep,,,Gemeentearchief Utrecht,,n° 68,1298,03,23,
1317,1317o.png,keep,,,Rijksarchief Utrecht,Bisschoppelijk archief,n° 57,1297,09,30,
1318,1318o.png,keep,,,Rijksarchief Utrecht,Bisschoppelijk archief,n° 57,1297,09,29,
1319,1319o.png,keep,,,Rijksarchief Utrecht,Montfoort,n° 141,1296,08,27,
1320,1320o.png,keep,,,Rijksarchief Utrecht,Sint-Jan,n° 326,1296,02,09,
1321,1321o.png,keep,,,Rijksarchief Utrecht,Dom,n° 1692,1295,06,15,
1322,1322o.png,keep,,,Rijksarchief Utrecht,Oudmunster,n° 399,1295,01,15,
1323,1323o.png,keep,,,Rijksarchief Bergen,verbrand,,1294,10,25,
1324,1324o.png,keep,,,Gemeentearchief Utrecht,,n° 66,1294,10,25,
1325,1325o.png,keep,,,Duits Huis te Utrecht,,n° 1026,1294,09,08,
1326,1326o.png,keep,,,Rijksarchief Utrecht,Oudmunster,n° 2581,1293,12,21,
1327,1327o.png,keep,,,Rijksarchief Utrecht,Oudmunster,2580,1293,07,06,
1328,1328o.png,keep,,,Algemeen Rijksarchief Den Haag,Grafelijkheid,,1290,12,11,
1329,1329o.png,keep,,,Utrecht,,,129x,02,22,
1330,1330o.png,keep,,,Gemeentearchief Leiden,,,1300,11,11,
1331,1331o.png,keep,,,Duits Huis te Utrecht,,n° 306,1300,10,01,
1332,1332o.png,keep,,,Gemeentearchief Utrecht,,n° 6,1300,10,31,
1333,1333o.png,keep,,,Rijksarchief Utrecht,Sint-Marie,n° 497,1300,08,31,
1334,1334o.png,keep,series_first,1334,Gemeentearchief Utrecht,,n° 346,1300,07,21,vidimus begin 14e eeuw
1335,1335o.png,drop,series_of=1334o,1334,Gemeentearchief Utrecht,,n° 346,1300,07,21,
1336,1336o.png,keep,,,Rijksarchief Utrecht,Dom,n° 2200,1300,06,23,
1337,1337o.png,keep,,,Rijksarchief Utrecht,Bisschoppelijk archief,n° 147,1300,02,29,
1338,1338o.png,keep,,,Rijksarchief Utrecht,Sint-Jan,n° 537,1299,08,26,
1339,1339o.png,keep,,,Rijksarchief Utrecht,Dom,n° 2911,1299,03,27,
1340,1340o.png,keep,,,COO Brussel,Ter Kisten,,1291,05,xx,
1341,1341o.png,keep,,,Algemeen Rijksarchief Den Haag,Heusden,,1290,05,31,
1342,1342o.png,keep,,,Algemeen Rijksarchief Den Haag,Heusden,,1290,05,31,
1343,1343o.png,keep,,,Rijksarchief Utrecht,Dom,n° 3527,1292,07,25,
1344,1344o.png,keep,,,Duits Huis te Utrecht,,n° 2569,1290,12,01,
1345,1345o.png,keep,,,Karmelietenklooster Brugge,statuten gilde zwartledertouwers Brugge,,12xx,xx,xx,
1346,1346o.png,keep,,,COO Brussel,Ter Kisten,,1299,07,xx,
1347,1347o.png,keep,,,COO Brussel,Ter Kisten,,1299,07,16,
1348,1348o.png,keep,,,COO Brussel,Broederschap Sint-Elooi,,1299,01,30,
1349,1349o.png,keep,,,Stadsarchief Brussel,,,1298,05,xx,
1350,1350o.png,keep,,,COO Brussel,Armen van de Kapel,,1298,02,xx,
1351,1351o.png,keep,,,COO Brussel,Armen Sint-Goedele,,1298,01,26,
1352,1352o.png,keep,,,COO Brussel,Armen Sint-Goedele,,1298,01,26,
1353,1353o.png,keep,,,COO Brussel,Armen Sint-Goedele,,1298,01,26,
1354,1354o.png,keep,,,COO Brussel,Ter Kisten,,1298,01,25,
1355,1355o.png,keep,,,COO Brussel,Ter Kisten,,1297,03,01,
1356,1356o.png,keep,,,COO Brussel,Ter Kisten,,1297,01,21,
1357,1357o.png,keep,,,COO Brussel,Infirmerie,,1296,10,21,
1358,1358o.png,keep,,,COO Brussel,Sint-Janshospitaal,,1293,04,12,
1359,1359o.png,keep,,,COO Brussel,Ter Kisten,,1291,11,24,
1360,1360o.png,keep,series_first,1360,Rijsel,B,247,1299,03,27,
1361,1361o.png,drop,series_of=1360o,1360,Rijsel,B,247,1299,03,27,
1362,1362o.png,drop,series_of=1360o,1360,Rijsel,B,247,1299,03,27,
1363,1363o.png,drop,series_of=1360o,1360,Rijsel,B,247,1299,03,27,
1364,1364o.png,keep,series_first,1364,Rijsel,B,247,1299,03,11,
1365,1365o.png,drop,series_of=1364o,1364,Rijsel,B,247,1299,03,11,
1366,1366o.png,keep,,,Staatsarchiv Düsseldorf,Kleve-Mark,,1298,10,22,
1367,1367o.png,keep,,,Staatsarchiv Düsseldorf,Kleve-Mark,,1298,10,22,
1368,1368o.png,keep,,,Gemeentearchief Beverwijk,,n° 18,1298,10,01,Deze informatie staat op de voorzijde (1368o).
1369,1369o.png,keep,,,foto Utrecht,,,1298,01,02,
1370,1370o.png,keep,,,Gemeentearchief Rotterdam,,,1297,07,09,
1371,1371o.png,keep,,,Gemeentearchief Rotterdam,,,1297,07,09,
1372,1372o.png,keep,,,Gemeentearchief Rotterdam,,,1297,07,09,
1373,1373o.png,keep,,,Gemeentearchief Rotterdam,,,1297,07,09,
1374,1374o.png,keep,,,Gemeentearchief Rotterdam,,,1297,07,09,
1375,1375o.png,keep,,,Gemeentearchief Haarlem,,,1297,02,14,
1376,1376o.png,keep,,,Gemeentearchief Haarlem,,,1297,02,14,
1377,1377o.png,keep,,,Gemeentearchief Haarlem,,,1297,02,14,
1378,1378o.png,keep,,,Gemeentearchief Haarlem,,,1296,08,02,
1379,1379o.png,keep,,,Waalwijk,,,1295,05,12,
1380,1380o.png,keep,,,COO Kortrijk,,,1294,10,12,
1381,1381o.png,keep,,,COO Kortrijk,,,1294,10,12,
1382,1382o.png,keep,,,COO Kortrijk,,,1294,10,12,
1383,1383o.png,keep,,,Algemeen Rijksarchief Den Haag,Nassau la Lecq,437,1293,12,21,
1384,1384o.png,keep,,,Gemeentearchief 's-Hertogenbos,,,1291,06,14,
1385,1385o.png,keep,series_first,1385,Rijsel,B,234,1290,06,02,
1386,1386o.png,drop,series_of=1385o,1385,Rijsel,B,234,1290,06,02,
1387,1387o.png,keep,,,Rijksarchief 's-Hertogenbos,,,1290,04,25,
1388,1388o.png,keep,,,Gemeentearchief Leiden,,,1290,04,15,
1389,1389o.png,keep,,,Duitse Orde Utrecht,,,1290,01,14,
1390,1390o.png,keep,,,Gemeentearchief Haarlem,,,1290,12,21,
1391,1391o.png,keep,,,Algemeen Rijksarchief Den Haag,Arkel,,1290,04,18,
1392,1392o.png,keep,,,Algemeen Rijksarchief Den Haag,Nassause Domeinraad II,317,1290,04,26,
1393,1393o.png,keep,,,Algemeen Rijksarchief Den Haag,Nassause Domeinraad II,671 a,1290,05,01,
1394,1394o.png,keep,,,Algemeen Rijksarchief Den Haag,Grafelijkheid,,1290,12,11,
1395,1395o.png,keep,,,Algemeen Rijksarchief Den Haag,Koningsveld,,1300,07,17,
1396,1396o.png,keep,,,Staatsarchiv Düsseldorf,Kranenburg-Zyfflich,,1300,04,28,
1397,1397o.png,keep,,,Gemeentearchief Haarlem,,,1299,12,23,
1398,1398o.png,keep,,,Gemeentearchief Rotterdam,,,1299,11,24,
1399,1399o.png,keep,,,Gemeentearchief Rotterdam,,,1299,11,24,
1400,1400o.png,drop,series_of=1360o,1360,Rijsel,B,247,1299,03,27,
1401,1401o.png,drop,series_of=1360o,1360,Rijsel,B,247,1299,03,27,
1402,1402o.png,drop,series_of=1360o,1360,Rijsel,B,247,1299,03,27,
1403,1403o.png,drop,series_of=1360o,1360,Rijsel,B,247,1299,03,27,
1404,1404o.png,drop,series_of=1360o,1360,Rijsel,B,247,1299,03,27,
1405,1405o.png,drop,series_of=1360o,1360,Rijsel,B,247,1299,03,27,
1406,1406o.png,keep,,,"Arras, Arch. Dij.",Calais,A 902,1289,11,24,
1407,1407o.png,keep,,,Karmelieten Brugge,,,1297,02,02,
1408,1408o.png,keep,,,Karmelieten Brugge,,,1297,02,02,
