filename,inverted,p2,p98,span,mean,n_interior,applied
1o.png,0,5.0,212.0,207.0,150.09681188048782,2375256,1
2o.png,0,10.0,244.0,234.0,207.96593995434367,2530208,1
3o.png,0,10.0,243.0,233.0,202.6625132427807,1803813,1
5o.png,0,28.0,254.0,226.0,189.88452537209224,1741638,1
6o.png,0,81.0,254.0,173.0,210.97319560669456,1751392,1
7o.png,0,49.0,255.0,206.0,218.969600431608,1208504,1
8o.png,0,54.0,255.0,201.0,204.33352888292927,1968810,1
9o.png,0,72.0,254.0,182.0,201.62954109807174,832095,1
10o.png,0,41.0,254.0,213.0,212.5947015866656,1602291,1
11o.png,0,76.0,254.0,178.0,213.6431441659987,941935,1
12o.png,0,55.0,255.0,200.0,234.81148468221232,1797159,1
13o.png,0,65.0,254.0,189.0,223.89041134914902,1895543,1
14o.png,0,81.0,254.0,173.0,215.24657996246873,1918400,1
15o.png,0,104.0,214.0,110.0,163.81724304915787,846660,1
16o.png,0,40.0,254.0,214.0,207.27148050579558,1518400,1
17o.png,0,44.0,255.0,211.0,208.92700077346558,2637480,1
18o.png,0,54.0,254.0,200.0,224.80418985584916,1455420,1
19o.png,0,46.0,255.0,209.0,226.1310556257104,2060522,1
20o.png,0,63.0,255.0,192.0,224.26833816677654,2242018,1
21o.png,0,49.0,255.0,206.0,214.86387382206235,1330185,1
22o.png,0,64.0,254.0,190.0,211.83263779493294,2297980,1
23o.png,0,54.0,255.0,201.0,213.11592705167172,987000,1
24o.png,0,45.0,255.0,210.0,221.68426779398763,1809600,1
25o.png,0,131.0,238.0,107.0,192.71192747446045,1655472,1
26o.png,0,143.0,255.0,112.0,204.88506673724441,1647356,1
27o.png,0,57.0,255.0,198.0,226.51290667197506,1507050,1
28o.png,0,107.0,255.0,148.0,201.8472341863617,1692558,1
29o.png,0,58.0,255.0,197.0,233.9374537574491,1615125,1
30o.png,0,93.0,252.0,159.0,177.29940143759603,2370346,1
31o.png,0,63.0,255.0,192.0,218.68054316891306,1091005,1
32o.png,0,60.0,254.0,194.0,205.88448264286905,2413014,1
34o.png,0,68.0,254.0,186.0,219.11271218354543,1688868,1
35o.png,0,59.0,254.0,195.0,221.86204069599688,3188520,1
45o.png,0,65.0,254.0,189.0,215.19353823574824,2882185,1
50o.png,0,156.0,254.0,98.0,236.76191544163302,1868248,1
51o.png,0,68.0,254.0,186.0,228.29014428349103,1427121,1
57o.png,0,102.0,254.0,152.0,180.22603322894616,2057724,1
58o.png,0,88.0,255.0,167.0,154.5223245927817,2409764,1
59o.png,0,95.0,210.0,115.0,138.6145256949927,1740378,1
60o.png,0,100.0,255.0,155.0,167.94757288061558,1849806,1
61o.png,0,95.0,255.0,160.0,162.74333087275,2201375,1
62o.png,0,89.0,254.0,165.0,163.37400126723182,2031199,1
63o.png,0,64.0,255.0,191.0,208.03454020464397,1530072,1
64o.png,0,42.0,255.0,213.0,210.00687283981839,830370,1
65o.png,0,131.0,254.0,123.0,199.03883760069854,1704096,1
66o.png,0,79.0,254.0,175.0,216.65750099923432,830636,1
67o.png,0,50.0,254.0,204.0,179.53897383254994,1110540,1
68o.png,0,67.0,254.0,187.0,203.38589461761893,1477989,1
69o.png,0,4.0,253.0,249.0,163.03557488326737,2161778,1
70o.png,0,94.0,254.0,160.0,231.1159667422766,2253672,1
71o.png,0,13.0,253.0,240.0,189.79430623527278,1588896,1
72o.png,0,80.0,255.0,175.0,216.60559295358252,2352174,1
73o.png,0,66.0,254.0,188.0,225.88881865215018,1303528,1
76o.png,0,54.0,255.0,201.0,203.07446732109753,1336734,1
77o.png,0,51.0,249.0,198.0,164.98087940758288,715982,1
78o.png,0,70.0,255.0,185.0,227.49086398651698,2852776,1
79o.png,0,72.0,254.0,182.0,211.14030784073412,1579648,1
80o.png,0,57.0,255.0,198.0,192.5398929223366,1339962,1
81o.png,0,71.0,254.0,183.0,217.49787338644876,1452309,1
82o.png,0,61.0,254.0,193.0,224.1352558637725,914940,1
83o.png,0,52.0,254.0,202.0,223.30586631132047,1290760,1
84o.png,0,43.0,254.0,211.0,185.03504785552158,1219504,1
85o.png,0,10.0,217.0,207.0,156.38354118397635,744525,1
86o.png,0,90.0,254.0,164.0,213.6598461321464,2396342,1
87o.png,0,41.0,254.0,213.0,193.8134880832975,1486527,1
88o.png,0,63.0,254.0,191.0,208.11607338156307,1974992,1
89o.png,0,73.0,254.0,181.0,233.88231374267554,1328082,1
90o.png,0,71.0,254.0,183.0,229.68427037671037,1484403,1
91o.png,0,72.0,253.0,181.0,209.67730452290513,963540,1
92o.png,0,76.0,254.0,178.0,202.04539495485884,1237230,1
93o.png,0,64.0,254.0,190.0,196.89452566546396,940096,1
94o.png,0,52.0,255.0,203.0,210.25246180095462,1574254,1
95o.png,0,55.0,255.0,200.0,219.16167540507718,1958022,1
96o.png,0,86.0,254.0,168.0,209.1424035550807,763752,1
97o.png,0,5.0,243.0,238.0,214.04640839866477,1177330,1
98o.png,0,68.0,254.0,186.0,213.4597872790832,1048698,1
99o.png,0,77.0,254.0,177.0,225.25613227545273,1585056,1
100o.png,0,69.0,255.0,186.0,224.105531007219,1585534,1
101o.png,0,98.0,254.0,156.0,189.4283899503565,1230372,1
102o.png,0,57.0,254.0,197.0,223.14841086862268,1990427,1
103o.png,0,68.0,254.0,186.0,213.0148133548643,892978,1
104o.png,0,63.0,254.0,191.0,206.2689943091536,822549,1
105o.png,0,47.0,253.0,206.0,182.84398006110612,1259448,1
106o.png,0,58.0,254.0,196.0,229.2813488121953,1712529,1
107o.png,0,70.0,254.0,184.0,207.8024432382096,1632260,1
108o.png,0,60.0,254.0,194.0,203.86587785496528,800360,1
109o.png,0,56.0,255.0,199.0,213.7098521593629,755408,1
110o.png,0,53.0,255.0,202.0,228.3528639880484,1601124,1
111o.png,0,67.0,254.0,187.0,223.80294498464397,1411824,1
112o.png,0,77.0,255.0,178.0,228.88757889546352,1419600,1
113o.png,0,48.0,255.0,207.0,217.83562287355247,1281480,1
114o.png,0,23.0,228.0,205.0,189.89006925412374,663354,1
115o.png,0,42.0,254.0,212.0,214.10486996541837,1944675,1
116o.png,0,66.0,254.0,188.0,217.74809559599746,2104858,1
117o.png,0,86.0,254.0,168.0,238.2718951617821,983916,1
121o.png,0,92.0,255.0,163.0,228.60854894386912,1531581,1
122o.png,0,8.0,245.0,237.0,205.1146826840271,3216510,1
124o.png,0,68.0,254.0,186.0,217.75564049389115,1327499,1
125o.png,0,65.0,254.0,189.0,224.5419607029196,1069596,1
126o.png,0,73.0,252.0,179.0,187.2474877101525,2379403,1
127o.png,0,58.0,254.0,196.0,216.53075980098126,1792193,1
128o.png,0,65.0,255.0,190.0,223.68469165103087,1661786,1
129o.png,0,86.0,250.0,164.0,195.59937566227174,1747772,1
130o.png,0,88.0,254.0,166.0,207.27380273660205,1319008,1
131o.png,0,93.0,226.0,133.0,178.9759347934907,1482306,1
132o.png,0,65.0,254.0,189.0,224.31800062048902,1024998,1
133o.png,0,57.0,254.0,197.0,218.11319056017922,2224788,1
135o.png,0,60.0,254.0,194.0,226.7464599138066,3258254,1
136o.png,0,3.0,239.0,236.0,201.32971949515021,950144,1
138o.png,0,80.0,255.0,175.0,223.36108385720885,2442056,1
140o.png,0,51.0,255.0,204.0,221.47468267174963,2168811,1
141o.png,0,64.0,254.0,190.0,226.95010705510705,1139600,1
142o.png,0,68.0,254.0,186.0,215.95082866469428,1890451,1
143o.png,0,73.0,254.0,181.0,219.72599205540646,2061276,1
144o.png,0,61.0,254.0,193.0,211.00455777956427,1467820,1
145o.png,0,84.0,254.0,170.0,213.93616745480702,1026044,1
146o.png,0,62.0,254.0,192.0,226.32135916162295,1621323,1
147o.png,0,47.0,255.0,208.0,213.75258488796763,810480,1
148o.png,0,70.0,254.0,184.0,214.63836990183475,1369120,1
149o.png,0,101.0,255.0,154.0,219.14224125624554,770550,1
150o.png,0,68.0,254.0,186.0,220.0604154755098,1715769,1
151o.png,0,168.0,252.0,84.0,200.0428837410695,692850,1
152o.png,0,64.0,255.0,191.0,220.41119434981113,1035576,1
153o.png,0,146.0,243.0,97.0,203.36151333068256,1707677,1
154o.png,0,54.0,255.0,201.0,218.20544913071475,1639968,1
155o.png,0,62.0,254.0,192.0,217.07958763246057,1720795,1
156o.png,0,45.0,253.0,208.0,195.32064319083236,2313528,1
157o.png,0,43.0,253.0,210.0,207.7685208200586,2377635,1
158o.png,0,75.0,255.0,180.0,221.4308918801563,575750,1
159o.png,0,37.0,255.0,218.0,208.08308500736294,1727568,1
160o.png,0,63.0,254.0,191.0,217.35849979937416,1373203,1
161o.png,0,105.0,214.0,109.0,153.83918121206563,1177692,1
162o.png,0,55.0,254.0,199.0,214.68038083809208,1449960,1
163o.png,0,61.0,254.0,193.0,181.12221192139452,765850,1
164o.png,0,74.0,254.0,180.0,217.76691492596382,1483261,1
165o.png,0,15.0,236.0,221.0,192.69174793567186,1257552,1
166o.png,0,3.0,234.0,231.0,196.85252205348453,2589160,1
168o.png,0,42.0,255.0,213.0,211.87133174809463,2303754,1
169o.png,0,85.0,255.0,170.0,223.3059242403319,1665530,1
170o.png,0,37.0,254.0,217.0,194.2863285634119,997920,1
171o.png,0,59.0,255.0,196.0,217.7180062378732,1561109,1
172o.png,0,62.0,255.0,193.0,221.23072891511143,1726758,1
173o.png,0,65.0,254.0,189.0,222.99660295815744,1460977,1
174o.png,0,35.0,255.0,220.0,217.50710283807365,522608,1
175o.png,0,58.0,254.0,196.0,211.43364186532222,1290844,1
176o.png,0,46.0,254.0,208.0,182.77970467293775,921690,1
177o.png,0,45.0,255.0,210.0,213.54516714737142,2146848,1
178o.png,0,62.0,254.0,192.0,208.50515671663968,1076848,1
179o.png,0,78.0,253.0,175.0,195.1449988401763,862200,1
180o.png,0,72.0,254.0,182.0,200.39236479591835,1176000,1
181o.png,0,71.0,254.0,183.0,210.9541310372406,1720488,1
182o.png,0,64.0,254.0,190.0,233.70760059268494,2079351,1
183o.png,0,58.0,254.0,196.0,226.41802776895665,1133640,1
184o.png,0,53.0,254.0,201.0,221.8409075345131,1285020,1
185o.png,0,58.0,254.0,196.0,227.28968437192992,1390434,1
186o.png,0,63.0,254.0,191.0,219.16163539538053,904344,1
187o.png,0,53.0,254.0,201.0,215.72145475902866,1651545,1
188o.png,0,77.0,254.0,177.0,217.04146838264612,2081610,1
189o.png,0,79.0,255.0,176.0,196.77819357108694,2262342,1
190o.png,0,66.0,254.0,188.0,225.23342656087067,1448070,1
191o.png,0,65.0,253.0,188.0,211.2089327111245,1328600,1
192o.png,0,74.0,254.0,180.0,235.33246559836041,2163487,1
193o.png,0,36.0,254.0,218.0,212.72525988585406,1726912,1
194o.png,0,92.0,255.0,163.0,232.62673144080097,1007398,1
195o.png,0,44.0,254.0,210.0,209.86487984773186,1177922,1
196o.png,0,65.0,254.0,189.0,224.05153493356687,1735580,1
197o.png,0,62.0,254.0,192.0,233.47467868780166,2040850,1
198o.png,0,75.0,254.0,179.0,195.11876496057448,2272640,1
199o.png,0,72.0,254.0,182.0,200.4958690510767,1205050,1
200o.png,0,68.0,254.0,186.0,225.14352319440172,1511895,1
201o.png,0,39.0,254.0,215.0,205.12040266908394,2419257,1
202o.png,0,73.0,254.0,181.0,210.45543217166093,1490380,1
203o.png,0,36.0,254.0,218.0,219.36660595208835,2201009,1
204o.png,0,40.0,254.0,214.0,211.07229748627927,2159508,1
205o.png,0,63.0,254.0,191.0,212.08411305664478,927252,1
206o.png,0,57.0,255.0,198.0,205.87045155727068,1405536,1
207o.png,0,52.0,254.0,202.0,220.26097259006235,1125942,1
208o.png,0,1.0,240.0,239.0,214.66459645782078,706853,1
209o.png,0,20.0,243.0,223.0,201.80501538711871,1339757,1
210o.png,0,1.0,248.0,247.0,198.83912128299366,598600,1
211o.png,0,63.0,255.0,192.0,183.19797153242197,1605054,1
212o.png,0,49.0,255.0,206.0,217.20425234634686,2454880,1
213o.png,0,66.0,255.0,189.0,231.83065463871506,2464260,1
214o.png,0,66.0,255.0,189.0,226.28886976306035,1339666,1
215o.png,0,65.0,255.0,190.0,224.86737920318845,2501018,1
216o.png,0,60.0,255.0,195.0,227.67946078798315,2404620,1
217o.png,0,73.0,255.0,182.0,218.76294294779532,2005146,1
218o.png,0,62.0,255.0,193.0,225.5535731982261,1614520,1
219o.png,0,69.0,255.0,186.0,215.55636190737513,1486944,1
220o.png,0,79.0,255.0,176.0,225.33655957637586,1182180,1
221o.png,0,54.0,255.0,201.0,229.47655539715416,2230620,1
222o.png,0,78.0,255.0,177.0,218.50197286875087,1161760,1
223o.png,0,59.0,255.0,196.0,234.27671031423,2095726,1
224o.png,0,55.0,255.0,200.0,223.6011802336174,1580704,1
225o.png,0,64.0,255.0,191.0,205.9803293555102,1940760,1
226o.png,0,67.0,230.0,163.0,158.40376522206304,1027456,1
227o.png,0,47.0,255.0,208.0,223.40407770817427,2125851,1
228o.png,0,79.0,255.0,176.0,222.6102858568939,2364120,1
229o.png,0,66.0,255.0,189.0,220.7067225159153,1378234,1
230o.png,0,92.0,255.0,163.0,220.18395584666956,1425940,1
231o.png,0,57.0,255.0,198.0,228.10565644767118,1902307,1
232o.png,0,66.0,255.0,189.0,229.47008390649452,1951458,1
233o.png,0,73.0,255.0,182.0,228.3256155022311,2051008,1
234o.png,0,67.0,255.0,188.0,231.65632818613673,2177496,1
235o.png,0,66.0,255.0,189.0,234.201817575535,2069240,1
236o.png,0,70.0,255.0,185.0,218.53749323098262,842072,1
237o.png,0,65.0,255.0,190.0,237.94259510869566,1890048,1
238o.png,0,69.0,255.0,186.0,232.11754505092713,1914500,1
239o.png,0,64.0,255.0,191.0,233.13820782520253,2132571,1
241o.png,0,63.0,255.0,192.0,212.54343353261703,1793925,1
242o.png,0,55.0,255.0,200.0,230.8097717131755,1801199,1
243o.png,0,55.0,255.0,200.0,221.64196265237,1656330,1
244o.png,0,52.0,255.0,203.0,223.75126399700386,1687504,1
245o.png,0,33.0,255.0,222.0,207.1862812274705,2294214,1
246o.png,0,34.0,255.0,221.0,221.42190607125278,1472925,1
247o.png,0,120.0,255.0,135.0,234.38980957900986,1414760,1
248o.png,0,56.0,255.0,199.0,225.37040273937276,1256346,1
249o.png,0,118.0,255.0,137.0,235.55944842992997,1767246,1
250o.png,0,18.0,223.0,205.0,178.12633098355153,297900,1
251o.png,0,102.0,255.0,153.0,209.85709826481673,2056728,1
252o.png,0,36.0,241.0,205.0,213.64840103685174,2758350,1
253o.png,0,36.0,255.0,219.0,217.46239402897558,2455860,1
254o.png,0,46.0,255.0,209.0,188.85343069116243,1194220,1
255o.png,0,38.0,255.0,217.0,215.12191921055188,1420334,1
256o.png,0,51.0,255.0,204.0,225.5633015938273,2451834,1
257o.png,0,52.0,255.0,203.0,205.99138890596083,2343024,1
258o.png,0,46.0,255.0,209.0,202.5657777146723,1795935,1
259o.png,0,76.0,255.0,179.0,226.77470263186558,1165979,1
260o.png,0,72.0,255.0,183.0,236.1215155915413,2338704,1
261o.png,0,63.0,255.0,192.0,232.97499968492752,1824977,1
262o.png,0,52.0,255.0,203.0,225.88520218695402,2257935,1
263o.png,0,66.0,255.0,189.0,225.80861761624487,2286015,1
264o.png,0,59.0,255.0,196.0,191.31396669709494,1712223,1
265o.png,0,54.0,255.0,201.0,226.09080221950532,2296728,1
266o.png,0,65.0,255.0,190.0,219.90366159306282,2186480,1
267o.png,0,102.0,255.0,153.0,225.09098627296777,447584,1
268o.png,0,85.0,255.0,170.0,158.7646925214665,673608,1
269o.png,0,65.0,255.0,190.0,227.08962337719052,641172,1
270o.png,0,49.0,255.0,206.0,223.42653983598933,1257845,1
271o.png,0,59.0,255.0,196.0,236.43920224746313,1651640,1
272o.png,0,73.0,255.0,182.0,207.1378144644263,1440306,1
273o.png,0,83.0,207.0,124.0,145.7619330560507,949212,1
274o.png,0,47.0,255.0,208.0,225.24533815036813,913425,1
275o.png,0,54.0,255.0,201.0,230.3312519825179,1919907,1
278o.png,0,31.0,255.0,224.0,201.55823588944168,2304232,1
279o.png,0,48.0,255.0,207.0,217.6412269292704,1033344,1
280o.png,0,58.0,255.0,197.0,234.81150560404728,1961618,1
281o.png,0,56.0,255.0,199.0,228.54767749719034,1453023,1
282o.png,0,58.0,255.0,197.0,228.1039057585635,1329012,1
283o.png,0,61.0,255.0,194.0,205.0776910790572,731268,1
284o.png,0,61.0,255.0,194.0,228.9838341176168,1555560,1
285o.png,0,66.0,255.0,189.0,210.80877333975317,1129832,1
286o.png,0,62.0,255.0,193.0,230.01529401961056,2340065,1
287o.png,0,54.0,255.0,201.0,216.8951759423619,2106940,1
288o.png,0,63.0,255.0,192.0,214.92149470873267,1009588,1
289o.png,0,56.0,255.0,199.0,210.83438237608183,747348,1
290o.png,0,58.0,255.0,197.0,228.09852215772503,2018348,1
291o.png,0,64.0,255.0,191.0,215.935568169191,1547884,1
292o.png,0,38.0,255.0,217.0,209.35990054945643,2428946,1
293o.png,0,29.0,255.0,226.0,189.51104471913982,2347004,1
294o.png,0,37.0,255.0,218.0,200.64039729148723,2359376,1
295o.png,0,35.0,255.0,220.0,207.96458913928794,2364670,1
296o.png,0,31.0,255.0,224.0,202.3484085631208,2459664,1
297o.png,0,40.0,255.0,215.0,196.86823043515957,507492,1
298o.png,0,106.0,253.0,147.0,173.92770553137453,1685205,1
299o.png,0,149.0,255.0,106.0,235.3025690203579,1708083,1
300o.png,0,41.0,255.0,214.0,217.93751502156036,636585,1
301o.png,0,88.0,255.0,167.0,245.35016052919278,1445220,1
302o.png,0,56.0,255.0,199.0,231.02547671841668,1688051,1
303o.png,0,61.0,255.0,194.0,223.31211944564583,1063580,1
304o.png,0,77.0,255.0,178.0,228.55312005068103,568260,1
305o.png,0,59.0,255.0,196.0,223.84833192051838,556808,1
306o.png,0,55.0,255.0,200.0,215.43792408464898,535860,1
307o.png,0,45.0,255.0,210.0,229.31856471617445,779581,1
308o.png,0,47.0,255.0,208.0,230.47020322443115,759948,1
309o.png,0,48.0,255.0,207.0,213.99134119595902,1714440,1
310o.png,0,71.0,255.0,184.0,184.58697687738916,803110,1
311o.png,0,73.0,255.0,182.0,179.24655271322368,1708300,1
312o.png,0,73.0,255.0,182.0,187.95889115400496,1550080,1
313o.png,0,29.0,255.0,226.0,203.9597607271267,1314984,1
314o.png,0,31.0,255.0,224.0,209.04278120738027,1387268,1
315o.png,0,58.0,255.0,197.0,218.02988679342704,2324070,1
316o.png,0,53.0,255.0,202.0,225.33249073497163,1266321,1
317o.png,0,88.0,255.0,167.0,230.99360417655436,1580250,1
318o.png,0,60.0,255.0,195.0,206.8070641807767,1997514,1
319o.png,0,51.0,255.0,204.0,222.66481010362108,2205150,1
320o.png,0,59.0,255.0,196.0,227.91861871148458,2231250,1
321o.png,0,52.0,255.0,203.0,221.2120142482035,2326188,1
322o.png,0,59.0,255.0,196.0,219.35854480697694,2033902,1
323o.png,0,41.0,255.0,214.0,217.55101612103363,2375406,1
324o.png,0,169.0,236.0,67.0,204.7317774251795,1424977,1
325o.png,0,79.0,255.0,176.0,236.1155096769292,1579530,1
326o.png,0,81.0,255.0,174.0,231.46919242373787,1783782,1
327o.png,0,87.0,255.0,168.0,238.79011572373147,1697059,1
328o.png,0,58.0,255.0,197.0,239.12138749635693,1708718,1
329o.png,0,92.0,255.0,163.0,233.35235926628715,1620525,1
330o.png,0,84.0,255.0,171.0,239.1990871907675,1578424,1
331o.png,0,41.0,255.0,214.0,217.97985915041897,967983,1
332o.png,0,80.0,219.0,139.0,153.5508237743441,1584111,1
333o.png,0,53.0,255.0,202.0,231.99054917996747,1137150,1
334o.png,0,135.0,254.0,119.0,218.36680815268141,1295770,1
335o.png,0,50.0,255.0,205.0,195.3515922854667,1395133,1
336o.png,0,44.0,255.0,211.0,219.22950821596245,1704000,1
338o.png,0,56.0,255.0,199.0,204.05901725074708,1472400,1
339o.png,0,60.0,255.0,195.0,196.6391126605404,3281495,1
341o.png,0,100.0,254.0,154.0,193.27829535664705,1036557,1
342o.png,0,63.0,255.0,192.0,230.2465855173972,1770400,1
343o.png,0,45.0,255.0,210.0,208.77264594667452,1921558,1
344o.png,0,52.0,255.0,203.0,233.42245237388096,2356900,1
345o.png,0,2.0,236.0,234.0,184.2193879363487,957090,1
346o.png,0,4.0,234.0,230.0,178.66440595690088,3460860,1
350o.png,0,6.0,240.0,234.0,181.5511318158767,3600674,1
355o.png,0,78.0,252.0,174.0,185.28699047717456,2690483,1
356o.png,0,50.0,254.0,204.0,215.52343490492493,2360240,1
357o.png,0,53.0,255.0,202.0,214.1202204948644,2401870,1
358o.png,0,43.0,255.0,212.0,217.74815065625535,1585968,1
359o.png,0,80.0,255.0,175.0,228.74332148878875,2240694,1
360o.png,0,65.0,254.0,189.0,230.28887296641085,2255372,1
361o.png,0,71.0,254.0,183.0,214.07308378473064,1855350,1
362o.png,0,67.0,254.0,187.0,233.15848905920626,1938342,1
363o.png,0,77.0,254.0,177.0,213.19778624499904,1049800,1
364o.png,0,59.0,254.0,195.0,228.50378773274613,2515885,1
365o.png,0,62.0,253.0,191.0,220.80776965930406,1786050,1
366o.png,0,67.0,254.0,187.0,230.65119153228255,2468670,1
367o.png,0,71.0,254.0,183.0,232.21869804674512,2399994,1
368o.png,0,76.0,253.0,177.0,213.02668624675098,2386098,1
369o.png,0,72.0,253.0,181.0,207.4052291598604,1236604,1
370o.png,0,69.0,254.0,185.0,224.6314269377465,1846836,1
371o.png,0,59.0,254.0,195.0,228.34105679850805,1915332,1
372o.png,0,69.0,254.0,185.0,228.23356346841948,1141938,1
373o.png,0,60.0,254.0,194.0,224.45255058167018,1905977,1
374o.png,0,87.0,254.0,167.0,224.38432282384198,1511586,1
375o.png,0,59.0,254.0,195.0,220.7860749384533,2121154,1
376o.png,0,61.0,254.0,193.0,227.89981958130653,1769218,1
377o.png,0,76.0,254.0,178.0,231.34849665744323,1608948,1
378o.png,0,62.0,253.0,191.0,210.273911253612,1263150,1
379o.png,0,70.0,254.0,184.0,230.3473627356067,2051406,1
380o.png,0,66.0,254.0,188.0,230.30791070728188,2177378,1
381o.png,0,75.0,255.0,180.0,220.34286547041464,881754,1
382o.png,0,48.0,254.0,206.0,209.72110851779448,2078848,1
383o.png,0,34.0,253.0,219.0,194.0517089245683,2289276,1
384o.png,0,117.0,220.0,103.0,177.7926494320508,1089358,1
385o.png,0,67.0,255.0,188.0,230.04365835788752,1576445,1
386o.png,0,73.0,255.0,182.0,229.51428326255962,1678118,1
387o.png,0,74.0,254.0,180.0,194.7728342509082,2349672,1
388o.png,0,2.0,214.0,212.0,170.1279617662897,965640,1
389o.png,0,89.0,254.0,165.0,234.6752851726895,2875363,1
390o.png,0,70.0,255.0,185.0,207.82893695667642,3260488,1
391o.png,0,82.0,254.0,172.0,201.5294954096548,3020470,1
392o.png,0,80.0,255.0,175.0,219.10613405788223,3264560,1
393o.png,0,70.0,255.0,185.0,215.86639856233845,2973718,1
394o.png,0,72.0,255.0,183.0,210.21120360172708,2872844,1
395o.png,0,45.0,254.0,209.0,202.65790645075913,1496196,1
396o.png,0,43.0,254.0,211.0,205.82569237990924,1674442,1
397o.png,0,38.0,254.0,216.0,215.82803039566613,2158992,1
398o.png,0,41.0,254.0,213.0,210.74178731390361,2029056,1
399o.png,0,57.0,254.0,197.0,197.72383701390757,1309216,1
400o.png,0,69.0,255.0,186.0,215.6614094287645,2404875,1
401o.png,0,66.0,255.0,189.0,225.6875266370432,1888817,1
402o.png,0,61.0,254.0,193.0,230.79262211528317,2122912,1
403o.png,0,73.0,254.0,181.0,232.4199138743617,1362196,1
404o.png,0,79.0,253.0,174.0,187.56558350803633,887220,1
405o.png,0,58.0,254.0,196.0,223.9748509466214,2066877,1
406o.png,0,51.0,254.0,203.0,227.67630698060808,2210094,1
407o.png,0,50.0,254.0,204.0,224.04106271538964,1646725,1
408o.png,0,52.0,254.0,202.0,226.7114555728167,1050528,1
409o.png,0,82.0,254.0,172.0,235.32827854546073,2349060,1
410o.png,0,73.0,254.0,181.0,224.76546058962273,1787448,1
411o.png,0,75.0,254.0,179.0,233.74039473130497,1520832,1
412o.png,0,53.0,254.0,201.0,224.43440819959312,1415680,1
413o.png,0,60.0,254.0,194.0,216.45877805811654,1180318,1
414o.png,0,66.0,254.0,188.0,227.0044218039931,2486994,1
415o.png,0,64.0,253.0,189.0,192.80314959547994,2183328,1
416o.png,0,75.0,254.0,179.0,229.1844395567254,2343288,1
418o.png,0,81.0,254.0,173.0,212.75213042331816,2313390,1
419o.png,0,81.0,254.0,173.0,223.83686813186813,2402400,1
420o.png,0,87.0,254.0,167.0,214.97449221629432,1096136,1
421o.png,0,89.0,254.0,165.0,220.77352159468438,2167200,1
422o.png,0,76.0,254.0,178.0,219.24609394554608,1797850,1
423o.png,0,59.0,254.0,195.0,227.93994317937714,2350907,1
424o.png,0,75.0,254.0,179.0,219.8414405091373,1263942,1
425o.png,0,83.0,254.0,171.0,208.37105294514836,1132965,1
426o.png,0,68.0,254.0,186.0,220.96465022584206,1565696,1
427o.png,0,58.0,254.0,196.0,223.66551702505214,2008452,1
428o.png,0,59.0,254.0,195.0,212.35925467140635,1202047,1
429o.png,0,60.0,254.0,194.0,214.28477701047942,1427085,1
430o.png,0,61.0,254.0,193.0,225.73735231082046,2001670,1
431o.png,0,77.0,254.0,177.0,222.90993575483435,1941936,1
432o.png,0,66.0,254.0,188.0,228.61271529589902,1611445,1
433o.png,0,74.0,254.0,180.0,209.92425101942067,1630583,1
434o.png,0,59.0,253.0,194.0,201.18418665974377,1764194,1
435o.png,0,64.0,254.0,190.0,224.77881594186925,2068716,1
436o.png,0,70.0,254.0,184.0,224.96669305862744,1394364,1
437o.png,0,83.0,254.0,171.0,230.9529666170349,1789176,1
438o.png,0,36.0,255.0,219.0,215.25223794500184,1270697,1
439o.png,0,40.0,255.0,215.0,206.94628295199055,1796022,1
440o.png,0,43.0,254.0,211.0,209.46079710343943,873864,1
441o.png,0,58.0,255.0,197.0,196.905282546495,838800,1
442o.png,0,39.0,255.0,216.0,215.32576947541963,1848792,1
443o.png,0,41.0,255.0,214.0,226.47136661668978,2545176,1
444o.png,0,44.0,254.0,210.0,204.0544488497424,2106050,1
445o.png,0,43.0,254.0,211.0,205.72185209860092,765510,1
446o.png,0,39.0,254.0,215.0,200.5376605652962,1579809,1
447o.png,0,68.0,254.0,186.0,219.82146500295286,1899846,1
448o.png,0,68.0,254.0,186.0,230.38130609458582,1787160,1
449o.png,0,76.0,254.0,178.0,221.43388354156968,1585218,1
450o.png,0,69.0,253.0,184.0,209.9667325162608,1488240,1
451o.png,0,65.0,254.0,189.0,231.49919523955816,2395744,1
452o.png,0,66.0,254.0,188.0,232.3918712297849,2427083,1
453o.png,0,60.0,254.0,194.0,229.19618580060424,1927744,1
454o.png,0,57.0,254.0,197.0,226.14593439676568,1945148,1
455o.png,0,53.0,254.0,201.0,225.56047767649721,2262033,1
456o.png,0,60.0,254.0,194.0,219.95694501253996,1486448,1
457o.png,0,57.0,254.0,197.0,230.5200685359343,2061984,1
458o.png,0,81.0,254.0,173.0,233.1547786239715,2156060,1
459o.png,0,74.0,254.0,180.0,223.60385312072944,1461309,1
460o.png,0,65.0,254.0,189.0,229.62953937881758,1851630,1
461o.png,0,77.0,253.0,176.0,199.38308115425625,1752921,1
462o.png,0,61.0,251.0,190.0,164.55987876179532,1092065,1
463o.png,0,71.0,254.0,183.0,222.9042188211197,2460640,1
464o.png,0,75.0,254.0,179.0,236.1821668197964,1869874,1
465o.png,0,75.0,254.0,179.0,225.08297498245983,1656198,1
466o.png,0,68.0,254.0,186.0,227.07538624384344,2314600,1
467o.png,0,58.0,254.0,196.0,224.17917273112397,1907288,1
468o.png,0,32.0,252.0,220.0,178.70993518662,1593961,1
469o.png,0,86.0,255.0,169.0,223.75587101357317,579968,1
470o.png,0,46.0,255.0,209.0,219.63951365076352,1685620,1
471o.png,0,56.0,255.0,199.0,230.55758168149436,1676818,1
472o.png,0,40.0,255.0,215.0,225.79571706183086,1761968,1
473o.png,0,105.0,254.0,149.0,236.20107058784401,1623594,1
474o.png,0,51.0,254.0,203.0,220.0662393363148,2128720,1
475o.png,0,2.0,228.0,226.0,176.7773638472458,866490,1
476o.png,0,8.0,243.0,235.0,205.86905074061247,926733,1
477o.png,0,2.0,233.0,231.0,193.12465699961575,1993438,1
478o.png,0,59.0,254.0,195.0,202.33720514721256,2104440,1
479o.png,0,80.0,254.0,174.0,214.80716133726807,1286324,1
480o.png,0,94.0,224.0,130.0,171.42390079140907,1515272,1
481o.png,0,40.0,254.0,214.0,224.5334218311786,2339040,1
482o.png,0,46.0,253.0,207.0,189.8731903408275,2089620,1
483o.png,0,48.0,255.0,207.0,212.64696211699163,1795000,1
484o.png,0,53.0,254.0,201.0,206.31538584621606,1918653,1
485o.png,0,61.0,253.0,192.0,209.1665352580826,1034940,1
486o.png,0,73.0,253.0,180.0,211.04606481481483,475200,1
487o.png,0,66.0,254.0,188.0,216.88383200633973,1769162,1
488o.png,0,73.0,254.0,181.0,222.27593902276772,1924128,1
489o.png,0,75.0,254.0,179.0,219.204980737954,1971234,1
490o.png,0,80.0,245.0,165.0,171.18028798055286,1744215,1
491o.png,0,66.0,254.0,188.0,210.70287451813704,1812756,1
492o.png,0,73.0,254.0,181.0,215.87397254195253,2028185,1
493o.png,0,65.0,254.0,189.0,229.54384071203572,2278088,1
494o.png,0,67.0,254.0,187.0,227.8145967654761,2294248,1
495o.png,0,75.0,253.0,178.0,216.05648684807713,1687738,1
496o.png,0,69.0,254.0,185.0,224.23883999966768,1925896,1
497o.png,0,76.0,254.0,178.0,212.17762462149605,1272774,1
498o.png,0,69.0,254.0,185.0,221.4084291506936,2376657,1
499o.png,0,68.0,254.0,186.0,216.53073645429146,1071594,1
500o.png,0,64.0,253.0,189.0,183.53144057261696,1023232,1
501o.png,0,58.0,254.0,196.0,170.57727745051133,1070144,1
502o.png,0,63.0,254.0,191.0,209.245627048831,1302267,1
503o.png,0,75.0,254.0,179.0,230.949565231498,1849260,1
504o.png,0,65.0,254.0,189.0,223.28661731011078,2321880,1
505o.png,0,65.0,254.0,189.0,228.4539757589403,1812132,1
506o.png,0,39.0,254.0,215.0,197.58477796315765,1750160,1
507o.png,0,42.0,253.0,211.0,194.61244918731754,1716353,1
508o.png,0,76.0,255.0,179.0,230.89792507877232,1713800,1
509o.png,0,138.0,255.0,117.0,230.4785604047469,798919,1
510o.png,0,46.0,255.0,209.0,224.08275611494372,858716,1
511o.png,0,58.0,255.0,197.0,226.79354772288625,1612392,1
512o.png,0,61.0,255.0,194.0,227.08572044001994,663879,1
513o.png,0,50.0,255.0,205.0,219.27698384564744,789880,1
514o.png,0,63.0,255.0,192.0,229.82430636290087,1765044,1
515o.png,0,56.0,254.0,198.0,219.20509445159988,950328,1
516o.png,0,1.0,215.0,214.0,136.6859668219767,589788,1
517o.png,0,9.0,241.0,232.0,207.55264919562262,851466,1
518o.png,0,89.0,232.0,143.0,182.17029066987374,2147763,1
519o.png,0,93.0,251.0,158.0,164.29203163534314,1034792,1
520o.png,0,79.0,254.0,175.0,218.00784083933254,1182654,1
521o.png,0,46.0,255.0,209.0,224.60904931829486,2531373,1
522o.png,0,49.0,255.0,206.0,207.438729465892,1356280,1
523o.png,0,73.0,255.0,182.0,222.16223077029417,578688,1
524o.png,0,50.0,255.0,205.0,229.06098565369822,2306936,1
525o.png,0,57.0,254.0,197.0,225.59223957567312,2352526,1
526o.png,0,71.0,253.0,182.0,217.1033733821482,1939300,1
527o.png,0,73.0,253.0,180.0,209.7721679957849,1679685,1
528o.png,0,80.0,254.0,174.0,227.49380596778786,1896180,1
529o.png,0,75.0,254.0,179.0,213.10524026758574,1066873,1
530o.png,0,69.0,254.0,185.0,209.7288102010314,1690731,1
531o.png,0,67.0,254.0,187.0,224.7004935413602,1244070,1
532o.png,0,62.0,254.0,192.0,224.86026785510384,1751544,1
533o.png,0,69.0,254.0,185.0,217.74520857546378,2175136,1
534o.png,0,63.0,254.0,191.0,226.49308225729817,1911028,1
535o.png,0,79.0,254.0,175.0,204.7962864935852,1484850,1
536o.png,0,73.0,253.0,180.0,225.07579384622153,2363556,1
537o.png,0,66.0,254.0,188.0,215.44188895277617,1600040,1
538o.png,0,70.0,254.0,184.0,224.33271504103072,2389916,1
539o.png,0,62.0,254.0,192.0,226.4220991839598,2419121,1
540o.png,0,70.0,254.0,184.0,223.6186202752895,1647720,1
541o.png,0,68.0,254.0,186.0,230.6847146106296,2287629,1
542o.png,0,77.0,254.0,177.0,211.07683093957846,2386070,1
543o.png,0,60.0,254.0,194.0,225.69276158467756,1758465,1
544o.png,0,66.0,255.0,189.0,184.41800768257568,524043,1
545o.png,0,60.0,255.0,195.0,236.3088434371989,2009264,1
547o.png,0,34.0,254.0,220.0,181.18507840414514,1501515,1
548o.png,0,43.0,254.0,211.0,183.29266343281657,1357515,1
549o.png,0,40.0,255.0,215.0,214.62120548361284,1027206,1
550o.png,0,62.0,255.0,193.0,230.09082270670507,1701700,1
551o.png,0,45.0,255.0,210.0,213.75408820314203,1609081,1
552o.png,0,54.0,255.0,201.0,218.8434273242563,807312,1
553o.png,0,59.0,255.0,196.0,234.82477885620278,799932,1
556o.png,0,63.0,255.0,192.0,220.26086853957668,1738044,1
557o.png,0,58.0,255.0,197.0,216.37980433883982,1632925,1
558o.png,0,48.0,254.0,206.0,221.41708907812924,1183680,1
559o.png,0,82.0,255.0,173.0,237.51724030306943,1858320,1
560o.png,0,4.0,219.0,215.0,166.99592242392296,910590,1
561o.png,0,7.0,225.0,218.0,193.43805348627683,637098,1
562o.png,0,3.0,233.0,230.0,173.3954091572786,934164,1
563o.png,0,0.0,237.0,237.0,192.18239196700736,3262545,1
570o.png,0,72.0,254.0,182.0,211.02180224015046,1565252,1
571o.png,0,41.0,255.0,214.0,225.3792231740231,1789590,1
572o.png,0,83.0,253.0,170.0,200.35302360024468,1552950,1
573o.png,0,49.0,254.0,205.0,215.15958831750487,3300699,1
581o.png,0,58.0,255.0,197.0,217.11097025606486,2078575,1
582o.png,0,42.0,254.0,212.0,202.58413498699133,989725,1
583o.png,0,69.0,254.0,185.0,222.098960796235,1598724,1
584o.png,0,59.0,254.0,195.0,227.00704743243614,1604556,1
585o.png,0,75.0,254.0,179.0,229.09206679385153,2523885,1
586o.png,0,66.0,254.0,188.0,225.8337560117087,981834,1
587o.png,0,62.0,254.0,192.0,227.55371756020054,2008952,1
588o.png,0,74.0,254.0,180.0,214.10471959729318,2388636,1
589o.png,0,78.0,254.0,176.0,229.6441175637639,2542348,1
590o.png,0,56.0,253.0,197.0,224.78909082323244,1863532,1
591o.png,0,77.0,254.0,177.0,225.59069053391957,1292985,1
592o.png,0,75.0,254.0,179.0,224.18337362528695,1425843,1
593o.png,0,73.0,254.0,181.0,216.56445145713317,2360800,1
594o.png,0,73.0,254.0,181.0,209.151261386189,1257664,1
595o.png,0,68.0,254.0,186.0,217.51914723838314,2368540,1
596o.png,0,73.0,254.0,181.0,214.8672453580431,1690020,1
597o.png,0,82.0,254.0,172.0,206.77596182470887,1142100,1
598o.png,0,75.0,254.0,179.0,219.5245023699215,1871370,1
599o.png,0,75.0,254.0,179.0,227.3511694705729,1870248,1
600o.png,0,71.0,254.0,183.0,193.67047870552446,951984,1
601o.png,0,65.0,254.0,189.0,197.64842786334418,928259,1
602o.png,0,59.0,255.0,196.0,207.88671931640204,903455,1
603o.png,0,65.0,255.0,190.0,210.4643562798446,1690424,1
604o.png,0,61.0,254.0,193.0,216.01456750637203,1939728,1
605o.png,0,65.0,254.0,189.0,208.0732272393187,1627236,1
606o.png,0,76.0,254.0,178.0,221.8255992276489,2013592,1
607o.png,0,64.0,254.0,190.0,226.57312842835898,2424994,1
608o.png,0,60.0,254.0,194.0,229.47425735970094,2068902,1
609o.png,0,99.0,254.0,155.0,187.27299332438014,814606,1
610o.png,0,60.0,255.0,195.0,200.8714358090992,789520,1
611o.png,0,38.0,254.0,216.0,202.41155964968925,1387568,1
612o.png,0,158.0,252.0,94.0,219.12360869107945,1625897,1
613o.png,0,41.0,255.0,214.0,221.47384081863785,1622891,1
614o.png,0,63.0,255.0,192.0,221.69099406724825,1539252,1
615o.png,0,74.0,255.0,181.0,236.920307066031,1389408,1
616o.png,0,55.0,255.0,200.0,224.41608393698152,1673160,1
617o.png,0,4.0,233.0,229.0,198.06782750471723,2947698,1
621o.png,0,2.0,233.0,231.0,174.55156797555935,1168545,1
622o.png,0,3.0,247.0,244.0,195.70382101338012,683850,1
623o.png,0,8.0,244.0,236.0,190.89542816159056,2158344,1
624o.png,0,96.0,248.0,152.0,202.67377090424438,2404715,1
625o.png,0,63.0,254.0,191.0,214.10119681758306,1524376,1
626o.png,0,73.0,254.0,181.0,225.74182464832447,1035827,1
627o.png,0,95.0,243.0,148.0,181.69080479953175,1537650,1
628o.png,0,2.0,224.0,222.0,185.55550003965422,1008720,1
629o.png,0,44.0,255.0,211.0,219.36242646934176,2359560,1
630o.png,0,55.0,254.0,199.0,205.95517160777592,1540140,1
631o.png,0,50.0,255.0,205.0,217.70494100945353,2324525,1
632o.png,0,49.0,254.0,205.0,209.6062051061605,1602809,1
633o.png,0,56.0,254.0,198.0,210.34808943245895,2078440,1
634o.png,0,51.0,255.0,204.0,228.96413062629324,2440550,1
635o.png,0,51.0,254.0,203.0,201.88543464551248,1928192,1
636o.png,0,46.0,255.0,209.0,225.25444645904295,2248587,1
637o.png,0,49.0,255.0,206.0,216.73595449105238,974226,1
638o.png,0,45.0,255.0,210.0,210.5904517728738,1008250,1
639o.png,0,41.0,254.0,213.0,195.70842396764246,1030239,1
640o.png,0,50.0,255.0,205.0,203.61932183142136,1332648,1
641o.png,0,65.0,251.0,186.0,174.84734046384327,555360,1
642o.png,0,45.0,254.0,209.0,216.34954898686686,941436,1
643o.png,0,46.0,254.0,208.0,210.18442938416007,2312484,1
644o.png,0,51.0,254.0,203.0,202.50914352704496,2199042,1
645o.png,0,47.0,255.0,208.0,210.90915715644664,1375012,1
646o.png,0,71.0,255.0,184.0,219.741789552481,1910310,1
647o.png,0,102.0,248.0,146.0,177.7940258869637,698112,1
648o.png,0,78.0,239.0,161.0,169.11649400724704,1291560,1
649o.png,0,52.0,254.0,202.0,227.37626435014616,1343279,1
650o.png,0,62.0,254.0,192.0,214.9106024354186,411264,1
651o.png,0,51.0,254.0,203.0,197.45731264093382,2450175,1
652o.png,0,73.0,254.0,181.0,220.41029646032698,1416176,1
653o.png,0,61.0,254.0,193.0,230.23245441708397,2099745,1
654o.png,0,60.0,254.0,194.0,216.34396515093437,1009611,1
655o.png,0,51.0,254.0,203.0,204.13739515149823,1862926,1
656o.png,0,51.0,253.0,202.0,218.33333586256174,1581510,1
657o.png,0,40.0,254.0,214.0,210.8792618608307,2105565,1
658o.png,0,59.0,254.0,195.0,221.16592637274255,1312992,1
659o.png,0,61.0,254.0,193.0,185.805323901145,1705366,1
660o.png,0,65.0,254.0,189.0,221.50578952923792,1136880,1
661o.png,0,76.0,254.0,178.0,227.02936432219528,1043988,1
662o.png,0,51.0,255.0,204.0,224.134083784554,736890,1
663o.png,0,63.0,254.0,191.0,220.4699183522713,1307691,1
664o.png,0,82.0,254.0,172.0,223.6803297563913,1906377,1
665o.png,0,75.0,255.0,180.0,230.09804332821233,2245650,1
666o.png,0,48.0,255.0,207.0,235.1431073792789,2225895,1
667o.png,0,87.0,255.0,168.0,187.43590839335096,1053024,1
668o.png,0,76.0,254.0,178.0,201.48631874013077,1887180,1
669o.png,0,79.0,244.0,165.0,182.58403372530654,1840517,1
670o.png,0,80.0,254.0,174.0,206.4124451665131,1787457,1
671o.png,0,78.0,254.0,176.0,218.79363868727012,2221051,1
672o.png,0,64.0,255.0,191.0,212.90699024628162,2046194,1
673o.png,0,63.0,254.0,191.0,203.469917973185,1567780,1
674o.png,0,77.0,255.0,178.0,213.51499242777427,1036023,1
675o.png,0,66.0,255.0,189.0,196.5444076121198,1117376,1
676o.png,0,81.0,254.0,173.0,202.14755817979915,1674980,1
677o.png,0,61.0,255.0,194.0,209.93850135383786,1671175,1
678o.png,0,63.0,255.0,192.0,194.8938171295008,1078140,1
679o.png,0,42.0,255.0,213.0,218.70837944488844,1443962,1
680o.png,0,69.0,255.0,186.0,214.80338864825043,1531112,1
681o.png,0,50.0,255.0,205.0,225.22842116028926,2190178,1
682o.png,0,46.0,255.0,209.0,223.2301236652103,2321995,1
683o.png,0,44.0,255.0,211.0,226.2372438716193,1695146,1
684o.png,0,55.0,255.0,200.0,216.64500634300407,1328235,1
685o.png,0,55.0,255.0,200.0,223.61160785026766,2353907,1
686o.png,0,45.0,255.0,210.0,214.7807938684215,1726407,1
687o.png,0,50.0,255.0,205.0,216.93611188211864,1232154,1
688o.png,0,53.0,254.0,201.0,205.34261419814118,2123940,1
689o.png,0,51.0,254.0,203.0,225.54026207029122,2340975,1
690o.png,0,59.0,255.0,196.0,220.06586192584393,2312960,1
691o.png,0,47.0,255.0,208.0,179.1562571156295,1897232,1
692o.png,0,66.0,255.0,189.0,216.85096078569342,1577511,1
693o.png,0,48.0,254.0,206.0,204.47865525205466,2220312,1
694o.png,0,53.0,255.0,202.0,219.2679302286888,2277899,1
695o.png,0,49.0,254.0,205.0,220.03562100039179,1776424,1
696o.png,0,54.0,255.0,201.0,234.05204415913795,2384648,1
697o.png,0,51.0,255.0,204.0,219.7680305145659,2245485,1
698o.png,0,47.0,255.0,208.0,226.42386736401753,2086372,1
699o.png,0,65.0,255.0,190.0,202.117689729981,1032520,1
700o.png,0,57.0,255.0,198.0,225.54956416184697,2117185,1
701o.png,0,52.0,255.0,203.0,216.81658233822108,1822240,1
702o.png,0,73.0,255.0,182.0,229.7797109045149,2091143,1
703o.png,0,55.0,255.0,200.0,229.1415382399033,1138392,1
704o.png,0,55.0,255.0,200.0,222.31403171354262,1821367,1
705o.png,0,53.0,255.0,202.0,222.6472360106461,2449720,1
706o.png,0,51.0,254.0,203.0,196.66373917640615,1254089,1
707o.png,0,46.0,255.0,209.0,214.7099823211817,1634159,1
708o.png,0,40.0,255.0,215.0,216.46565125273784,2123469,1
709o.png,0,41.0,254.0,213.0,197.63054031259784,2296689,1
710o.png,0,43.0,255.0,212.0,208.99099892088614,1890440,1
711o.png,0,48.0,255.0,207.0,208.16357788189276,1644336,1
712o.png,0,36.0,254.0,218.0,200.05503772258038,1632444,1
713o.png,0,38.0,255.0,217.0,220.72454730675133,2444260,1
714o.png,0,40.0,254.0,214.0,220.9783499809696,2306834,1
715o.png,0,50.0,254.0,204.0,204.12207507102798,891902,1
716o.png,0,40.0,254.0,214.0,202.60102925708625,2039335,1
717o.png,0,89.0,254.0,165.0,209.53800744404583,1695852,1
718o.png,0,54.0,253.0,199.0,180.12130784672186,446352,1
719o.png,0,69.0,253.0,184.0,203.5499733569741,2332693,1
720o.png,0,71.0,254.0,183.0,220.12733543561293,1333156,1
721o.png,0,73.0,255.0,182.0,211.10215112551043,2222325,1
722o.png,0,44.0,254.0,210.0,211.75843695103205,874368,1
723o.png,0,73.0,254.0,181.0,204.58132323981886,2288202,1
724o.png,0,95.0,254.0,159.0,221.07273446181264,2253416,1
725o.png,0,87.0,254.0,167.0,225.21591098536854,1631552,1
726o.png,0,63.0,254.0,191.0,228.17627487456267,2407178,1
727o.png,0,78.0,254.0,176.0,236.52227816039982,1632159,1
728o.png,0,73.0,254.0,181.0,202.59398312951927,2416173,1
729o.png,0,78.0,254.0,176.0,209.5414674382495,2464717,1
730o.png,0,68.0,254.0,186.0,201.68477211278486,994176,1
731o.png,0,54.0,254.0,200.0,221.74446601233927,987579,1
732o.png,0,52.0,255.0,203.0,214.31848184900238,2018429,1
733o.png,0,59.0,254.0,195.0,232.20676097150468,2305290,1
734o.png,0,57.0,254.0,197.0,224.05774199614498,2127100,1
735o.png,0,64.0,254.0,190.0,228.25024873863,2375988,1
736o.png,0,65.0,254.0,189.0,225.94003792699056,2404620,1
737o.png,0,63.0,254.0,191.0,219.91793229715634,2399397,1
738o.png,0,65.0,254.0,189.0,226.6901069902023,2427512,1
739o.png,0,66.0,254.0,188.0,230.36127155836311,2499610,1
740o.png,0,65.0,254.0,189.0,217.10194431942298,1379763,1
741o.png,0,57.0,254.0,197.0,226.8907351701611,2148523,1
742o.png,0,54.0,254.0,200.0,228.62288886952743,1629814,1
743o.png,0,58.0,254.0,196.0,225.28925211860988,2293131,1
744o.png,0,67.0,254.0,187.0,229.132753441245,2290886,1
745o.png,0,50.0,254.0,204.0,228.67530977059064,2428410,1
746o.png,0,57.0,254.0,197.0,218.44813019693655,914000,1
747o.png,0,59.0,254.0,195.0,229.89913345484152,2439342,1
748o.png,0,74.0,254.0,180.0,212.72218906660302,1306968,1
749o.png,0,53.0,254.0,201.0,217.6431692080765,2456904,1
750o.png,0,62.0,254.0,192.0,222.4204071304357,1114434,1
751o.png,0,61.0,254.0,193.0,234.67824094981484,2502214,1
752o.png,0,51.0,254.0,203.0,223.72687830288388,1324600,1
753o.png,0,52.0,254.0,202.0,226.46562067525943,1825254,1
754o.png,0,59.0,254.0,195.0,225.6486796097505,1502321,1
755o.png,0,68.0,254.0,186.0,226.3600599535843,1923488,1
756o.png,0,65.0,254.0,189.0,229.96692518160006,1810985,1
757o.png,0,69.0,254.0,185.0,220.8944504835655,1784660,1
758o.png,0,65.0,254.0,189.0,220.22946335700436,2258317,1
759o.png,0,52.0,253.0,201.0,219.1250315811047,2264012,1
760o.png,0,57.0,254.0,197.0,226.05334949225596,2076046,1
761o.png,0,67.0,254.0,187.0,226.9485793123063,2334644,1
762o.png,0,64.0,254.0,190.0,222.51706779776165,1869339,1
763o.png,0,63.0,254.0,191.0,219.62990372365522,1470974,1
764o.png,0,73.0,254.0,181.0,225.32412340605723,2430059,1
765o.png,0,63.0,254.0,191.0,224.9389324939085,2463274,1
766o.png,0,67.0,254.0,187.0,228.96742265944266,2379476,1
767o.png,0,64.0,254.0,190.0,219.37541161495372,2023736,1
768o.png,0,75.0,254.0,179.0,216.10746526934474,1646960,1
769o.png,0,79.0,254.0,175.0,223.80988883398922,1712214,1
770o.png,0,73.0,254.0,181.0,210.65556433915785,2438888,1
771o.png,0,59.0,254.0,195.0,216.00681182147872,1536153,1
772o.png,0,67.0,254.0,187.0,225.95206787222457,2508714,1
773o.png,0,65.0,254.0,189.0,220.65900293988867,2398050,1
774o.png,0,71.0,253.0,182.0,206.0532237545736,1776500,1
775o.png,0,60.0,254.0,194.0,212.80983606557376,982710,1
776o.png,0,57.0,254.0,197.0,226.922858817525,2507960,1
777o.png,0,62.0,254.0,192.0,215.85094416032734,664241,1
778o.png,0,55.0,254.0,199.0,222.92171088787572,2543802,1
779o.png,0,63.0,254.0,191.0,230.2514789505796,2458500,1
780o.png,0,67.0,254.0,187.0,230.38757390419977,2502395,1
781o.png,0,67.0,254.0,187.0,226.35501192545684,1546272,1
782o.png,0,61.0,254.0,193.0,226.536420530981,2444871,1
783o.png,0,59.0,254.0,195.0,231.9245419324414,2459790,1
784o.png,0,53.0,254.0,201.0,229.31813707365268,1649770,1
785o.png,0,64.0,254.0,190.0,232.57720459801072,2287163,1
786o.png,0,70.0,254.0,184.0,221.52126502652405,1943896,1
787o.png,0,66.0,254.0,188.0,225.134413348636,679620,1
788o.png,0,65.0,254.0,189.0,210.67802577953492,1574272,1
789o.png,0,69.0,254.0,185.0,216.17754736303124,1859256,1
790o.png,0,66.0,254.0,188.0,233.70704044148766,945168,1
791o.png,0,61.0,254.0,193.0,207.6079142723076,2420968,1
792o.png,0,63.0,254.0,191.0,219.87879347371899,1234884,1
793o.png,0,56.0,254.0,198.0,222.8485837809589,2020662,1
794o.png,0,66.0,254.0,188.0,214.1736262930086,817860,1
795o.png,0,71.0,254.0,183.0,224.89740788324934,806368,1
796o.png,0,67.0,254.0,187.0,228.47030053756853,1876970,1
797o.png,0,72.0,254.0,182.0,232.6947579181708,2468752,1
798o.png,0,64.0,254.0,190.0,215.15920739400576,1680280,1
799o.png,0,60.0,254.0,194.0,213.6692897894149,2475294,1
800o.png,0,54.0,254.0,200.0,214.06637552792992,2144224,1
801o.png,0,66.0,254.0,188.0,216.30162998939653,2391672,1
802o.png,0,80.0,253.0,173.0,183.29630444151218,900324,1
803o.png,0,46.0,254.0,208.0,215.21395623202494,789984,1
804o.png,0,65.0,254.0,189.0,232.05847264707253,2466555,1
805o.png,0,64.0,254.0,190.0,234.5010335140011,2430059,1
806o.png,0,65.0,254.0,189.0,224.71361972633886,2434836,1
807o.png,0,60.0,254.0,194.0,232.91025144256943,2051721,1
808o.png,0,66.0,254.0,188.0,231.04496856564305,2451935,1
809o.png,0,66.0,254.0,188.0,213.8708161885902,1264965,1
810o.png,0,67.0,254.0,187.0,214.46289438039977,1872304,1
811o.png,0,60.0,254.0,194.0,211.56822695633437,1280916,1
812o.png,0,62.0,254.0,192.0,212.32633273992445,1471161,1
813o.png,0,64.0,254.0,190.0,221.88298671504361,1924884,1
814o.png,0,56.0,254.0,198.0,217.3478159993924,961149,1
815o.png,0,73.0,254.0,181.0,219.03514871794872,1560000,1
816o.png,0,80.0,254.0,174.0,220.21329555170306,1183644,1
817o.png,0,73.0,254.0,181.0,210.4596183068779,1567542,1
818o.png,0,77.0,254.0,177.0,226.94605635434365,2279008,1
819o.png,0,72.0,254.0,182.0,224.19532691707124,2324718,1
820o.png,0,81.0,254.0,173.0,227.22263408927714,1682312,1
821o.png,0,75.0,254.0,179.0,227.17460494565856,1631168,1
822o.png,0,63.0,254.0,191.0,205.19857017058604,1062924,1
823o.png,0,58.0,254.0,196.0,216.64891987420634,923735,1
824o.png,0,55.0,254.0,199.0,229.25580852866327,2374956,1
825o.png,0,81.0,254.0,173.0,223.71123673415377,1889250,1
826o.png,0,76.0,254.0,178.0,227.07010872255898,2141046,1
827o.png,0,81.0,254.0,173.0,216.30727917830896,1286615,1
828o.png,0,79.0,254.0,175.0,219.09968047906287,2287800,1
829o.png,0,65.0,254.0,189.0,225.81632874846665,2144010,1
830o.png,0,77.0,254.0,177.0,221.28406359386298,2356328,1
831o.png,0,78.0,254.0,176.0,221.4918064107603,2381496,1
832o.png,0,77.0,254.0,177.0,221.49693418586486,1509387,1
833o.png,0,69.0,254.0,185.0,213.81753362560448,1664208,1
834o.png,0,58.0,254.0,196.0,221.31251235402868,2064104,1
835o.png,0,73.0,254.0,181.0,207.3799983548926,1398085,1
836o.png,0,84.0,254.0,170.0,215.86723081385188,1075724,1
837o.png,0,59.0,254.0,195.0,210.3607378239646,1525784,1
838o.png,0,70.0,254.0,184.0,213.0172585646781,1191872,1
839o.png,0,55.0,255.0,200.0,217.3431542980458,2302116,1
840o.png,0,56.0,255.0,199.0,221.76428284858713,1934208,1
841o.png,0,48.0,255.0,207.0,224.55236689321734,1514010,1
842o.png,0,103.0,253.0,150.0,175.5139481423851,1871432,1
843o.png,0,68.0,255.0,187.0,227.45374636813273,721392,1
844o.png,0,66.0,255.0,189.0,218.54350655550698,596979,1
845o.png,0,63.0,255.0,192.0,220.34064364223434,2324024,1
846o.png,0,61.0,255.0,194.0,215.46032179145064,648681,1
847o.png,0,80.0,255.0,175.0,212.87907002744933,1216423,1
848o.png,0,65.0,255.0,190.0,204.70359441471592,1002778,1
849o.png,0,52.0,255.0,203.0,214.62768103015293,2309560,1
850o.png,0,94.0,255.0,161.0,233.12106256697416,2470169,1
851o.png,0,96.0,255.0,159.0,220.75622170489757,2486296,1
852o.png,0,44.0,255.0,211.0,221.3646954408217,2215136,1
853o.png,0,46.0,255.0,209.0,219.26706080662353,2420460,1
854o.png,0,78.0,254.0,176.0,224.12542333374466,2042124,1
855o.png,0,66.0,254.0,188.0,230.30383802361197,1738525,1
856o.png,0,84.0,253.0,169.0,214.50061789769126,2169453,1
857o.png,0,61.0,252.0,191.0,159.06897439734402,1149412,1
858o.png,0,58.0,255.0,197.0,203.36691505254024,2357622,1
859o.png,0,60.0,255.0,195.0,212.79992067107315,645414,1
860o.png,0,61.0,254.0,193.0,228.57097015552753,2379000,1
861o.png,0,62.0,254.0,192.0,226.2640042115635,917474,1
862o.png,0,84.0,254.0,170.0,213.06194673280459,1875676,1
863o.png,0,83.0,254.0,171.0,216.49319078405335,2269718,1
864o.png,0,69.0,254.0,185.0,233.71136489127363,1706026,1
865o.png,0,68.0,254.0,186.0,222.02067446745974,2493849,1
866o.png,0,51.0,255.0,204.0,207.31936711185278,2243556,1
867o.png,0,49.0,255.0,206.0,222.12230270088878,2479332,1
868o.png,0,46.0,255.0,209.0,214.318955794624,2034006,1
869o.png,0,57.0,255.0,198.0,229.28834400418123,2449040,1
870o.png,0,80.0,254.0,174.0,218.5840944840098,1658016,1
871o.png,0,57.0,255.0,198.0,201.3495710331649,812184,1
872o.png,0,77.0,255.0,178.0,198.32654758097675,1094450,1
873o.png,0,66.0,255.0,189.0,203.6084160803765,1260468,1
874o.png,0,73.0,255.0,182.0,211.19507392134304,696213,1
875o.png,0,53.0,255.0,202.0,228.04419890754198,1765926,1
876o.png,0,53.0,255.0,202.0,209.01678729744555,1686275,1
877o.png,0,56.0,254.0,198.0,220.10475291929882,1462680,1
878o.png,0,60.0,255.0,195.0,218.3989088147891,1066730,1
879o.png,0,65.0,255.0,190.0,217.85131524980324,2345486,1
880o.png,0,56.0,255.0,199.0,178.60228560289477,492474,1
881o.png,0,55.0,255.0,200.0,206.9452324141472,1986540,1
882o.png,0,69.0,255.0,186.0,181.4760658436214,1822500,1
883o.png,0,54.0,255.0,201.0,216.66272005025573,1929332,1
884o.png,0,60.0,255.0,195.0,213.28431316068733,2395422,1
885o.png,0,74.0,255.0,181.0,210.50894650772833,2409320,1
886o.png,0,55.0,254.0,199.0,212.1549371920585,1402052,1
887o.png,0,62.0,255.0,193.0,207.72591842408357,503580,1
888o.png,0,55.0,255.0,200.0,213.0960991666083,428370,1
889o.png,0,59.0,255.0,196.0,213.66420263329928,1053963,1
890o.png,0,55.0,254.0,199.0,214.60758400881036,1071465,1
891o.png,0,49.0,255.0,206.0,210.96383866298888,762776,1
892o.png,0,57.0,255.0,198.0,215.3955611498156,854050,1
893o.png,0,58.0,255.0,197.0,211.76934155087218,2390010,1
894o.png,0,54.0,254.0,200.0,206.262529722993,2387882,1
895o.png,0,64.0,251.0,187.0,177.88264838062696,1076960,1
896o.png,0,54.0,254.0,200.0,186.5814067937536,1452864,1
897o.png,0,55.0,254.0,199.0,205.83500841483445,887718,1
898o.png,0,63.0,255.0,192.0,196.86686957555582,1051375,1
899o.png,0,69.0,254.0,185.0,183.85894128877257,1118832,1
900o.png,0,59.0,255.0,196.0,194.4793827430839,904194,1
901o.png,0,70.0,254.0,184.0,226.7537250342888,1904412,1
902o.png,0,77.0,254.0,177.0,206.32895906661213,2191072,1
903o.png,0,66.0,254.0,188.0,221.78159221005475,2057216,1
904o.png,0,64.0,254.0,190.0,231.26640857189534,2362698,1
905o.png,0,67.0,254.0,187.0,221.13409915904236,1590092,1
906o.png,0,68.0,254.0,186.0,221.09093856920404,2214264,1
907o.png,0,88.0,254.0,166.0,219.39610000027295,1831795,1
908o.png,0,75.0,254.0,179.0,216.46243818686858,1487548,1
909o.png,0,72.0,253.0,181.0,211.56515812201008,1889680,1
910o.png,0,68.0,254.0,186.0,220.0024929682644,1789032,1
911o.png,0,70.0,254.0,184.0,220.57125425791696,1939035,1
912o.png,0,70.0,254.0,184.0,222.7208270293964,1414460,1
913o.png,0,77.0,254.0,177.0,224.91920748393153,2475811,1
914o.png,0,66.0,254.0,188.0,216.42347493713382,2463964,1
915o.png,0,67.0,254.0,187.0,217.17858479987657,2126088,1
916o.png,0,70.0,254.0,184.0,228.6276399986808,2365058,1
917o.png,0,74.0,254.0,180.0,220.17683134775115,1947036,1
918o.png,0,67.0,253.0,186.0,214.14287155801298,2180245,1
919o.png,0,81.0,254.0,173.0,219.79429327169208,1289180,1
920o.png,0,61.0,254.0,193.0,226.72717606420994,2182840,1
921o.png,0,56.0,254.0,198.0,228.34330983218084,1566448,1
922o.png,0,41.0,254.0,213.0,190.55360090168676,1667985,1
923o.png,0,51.0,254.0,203.0,213.2980336120413,1723668,1
924o.png,0,62.0,254.0,192.0,202.54100815189352,1938200,1
925o.png,0,63.0,254.0,191.0,222.15435821744146,2420072,1
926o.png,0,69.0,254.0,185.0,230.35363222932418,2279812,1
927o.png,0,74.0,254.0,180.0,216.3730666297888,2299482,1
928o.png,0,73.0,254.0,181.0,220.8391443558262,2417360,1
929o.png,0,60.0,254.0,194.0,215.51115505745497,1762250,1
930o.png,0,68.0,253.0,185.0,206.5631619523914,2077944,1
931o.png,0,75.0,254.0,179.0,218.61509049208703,2186158,1
932o.png,0,58.0,254.0,196.0,215.7932458777383,1495235,1
933o.png,0,63.0,254.0,191.0,218.83968953089274,2373956,1
934o.png,0,68.0,254.0,186.0,214.78595826370653,1005360,1
935o.png,0,81.0,254.0,173.0,216.45437679924515,1661808,1
936o.png,0,51.0,255.0,204.0,232.40765165684968,1677702,1
937o.png,0,55.0,255.0,200.0,211.2122587435908,1151472,1
938o.png,0,61.0,254.0,193.0,228.7984518295599,1513916,1
939o.png,0,68.0,254.0,186.0,224.41696742698875,1496208,1
940o.png,0,67.0,254.0,187.0,231.81612176899418,2451133,1
941o.png,0,65.0,254.0,189.0,226.48053243954365,2138609,1
942o.png,0,70.0,253.0,183.0,210.21302911515033,2225508,1
943o.png,0,72.0,254.0,182.0,216.7488049730207,1123824,1
944o.png,0,67.0,254.0,187.0,226.33162770355742,2421393,1
945o.png,0,67.0,254.0,187.0,226.3960740400096,2309346,1
946o.png,0,75.0,254.0,179.0,216.72435580507144,1110417,1
947o.png,0,65.0,254.0,189.0,229.05439131902227,1967336,1
948o.png,0,72.0,254.0,182.0,221.7002931419924,2270572,1
949o.png,0,52.0,254.0,202.0,221.6064973227607,1320390,1
950o.png,0,57.0,254.0,197.0,227.9988886316277,2526615,1
951o.png,0,56.0,254.0,198.0,232.6731399518816,1872465,1
952o.png,0,66.0,254.0,188.0,224.02638912551416,821740,1
953o.png,0,64.0,254.0,190.0,221.8517696356582,818078,1
954o.png,0,63.0,254.0,191.0,220.72078543077495,876258,1
955o.png,0,72.0,253.0,181.0,204.8334728033473,645300,1
956o.png,0,60.0,255.0,195.0,200.837309726265,1605056,1
957o.png,0,66.0,255.0,189.0,217.50188933873144,1600560,1
958o.png,0,71.0,254.0,183.0,213.24292570494632,1771908,1
959o.png,0,63.0,253.0,190.0,209.31817336835724,2227050,1
960o.png,0,58.0,254.0,196.0,223.47892887716276,1851515,1
961o.png,0,63.0,254.0,191.0,214.56708648371628,1424430,1
962o.png,0,62.0,253.0,191.0,222.7995539384888,2517590,1
963o.png,0,70.0,254.0,184.0,221.04687320834768,1395360,1
964o.png,0,66.0,254.0,188.0,226.1968209742423,2347260,1
965o.png,0,63.0,254.0,191.0,228.237482764766,1705808,1
966o.png,0,61.0,254.0,193.0,226.86110342731803,2053384,1
967o.png,0,67.0,253.0,186.0,220.65092434560296,1976858,1
968o.png,0,77.0,254.0,177.0,223.68004208293985,2414280,1
969o.png,0,67.0,252.0,185.0,200.9615713455794,1795353,1
970o.png,0,68.0,253.0,185.0,220.54828043652384,1997600,1
971o.png,0,67.0,254.0,187.0,203.99147549135458,1464014,1
972o.png,0,71.0,253.0,182.0,214.64358741797713,2348430,1
973o.png,0,69.0,254.0,185.0,195.6496220125247,1353484,1
974o.png,0,75.0,254.0,179.0,213.57237486408093,2351583,1
975o.png,0,61.0,254.0,193.0,220.53842391406587,1382082,1
976o.png,0,69.0,253.0,184.0,208.94463926330252,2019825,1
977o.png,0,70.0,253.0,183.0,216.14412777473663,2214084,1
978o.png,0,54.0,254.0,200.0,226.163293636328,2372891,1
979o.png,0,65.0,254.0,189.0,230.4354923843788,2451540,1
980o.png,0,68.0,254.0,186.0,229.92882900887716,2511838,1
981o.png,0,86.0,254.0,168.0,217.85777865774926,2469777,1
982o.png,0,71.0,254.0,183.0,229.3837342037694,1570707,1
983o.png,0,76.0,254.0,178.0,227.1873386276083,1626285,1
984o.png,0,73.0,254.0,181.0,212.0138895933145,2050528,1
985o.png,0,74.0,252.0,178.0,188.07849896824868,1502300,1
986o.png,0,85.0,252.0,167.0,198.78003518188314,2165319,1
987o.png,0,80.0,254.0,174.0,232.72954303224088,2552040,1
988o.png,0,75.0,253.0,178.0,219.79365303598223,2548368,1
989o.png,0,79.0,254.0,175.0,220.0319069179001,1365848,1
990o.png,0,90.0,254.0,164.0,195.33149685242986,1673672,1
991o.png,0,77.0,254.0,177.0,201.0729661520836,2297394,1
992o.png,0,60.0,253.0,193.0,219.973215655108,2223351,1
993o.png,0,71.0,253.0,182.0,199.0228197927101,1932752,1
994o.png,0,90.0,254.0,164.0,201.0370895839731,2048257,1
995o.png,0,76.0,254.0,178.0,226.19032421524665,2230000,1
996o.png,0,71.0,254.0,183.0,228.70894588919373,2386381,1
997o.png,0,81.0,251.0,170.0,193.98394138428623,2009700,1
998o.png,0,82.0,254.0,172.0,228.68983143971852,1983860,1
999o.png,0,76.0,254.0,178.0,212.80384127789046,709920,1
1000o.png,0,91.0,254.0,163.0,223.18417557116712,1219608,1
1001o.png,0,65.0,254.0,189.0,231.52692068198667,2360750,1
1002o.png,0,71.0,254.0,183.0,227.92368059642928,1977636,1
1003o.png,0,50.0,254.0,204.0,230.86147221347883,2287440,1
1004o.png,0,74.0,254.0,180.0,218.61789187940585,2441644,1
1005o.png,0,78.0,254.0,176.0,230.27135189678464,2410184,1
1006o.png,0,70.0,255.0,185.0,225.3285011420424,2355867,1
1007o.png,0,66.0,255.0,189.0,221.76436461962095,1610972,1
1008o.png,0,57.0,254.0,197.0,222.62133730373813,2319159,1
1009o.png,0,92.0,254.0,162.0,221.6062697374246,813176,1
1010o.png,0,69.0,232.0,163.0,155.8245792079208,646400,1
1011o.png,0,53.0,255.0,202.0,203.17198261589405,1208000,1
1012o.png,0,73.0,255.0,182.0,219.90865584029143,1330824,1
1013o.png,0,57.0,255.0,198.0,220.55312509546633,1112958,1
1014o.png,0,71.0,255.0,184.0,228.7395743830929,1592136,1
1015o.png,0,63.0,255.0,192.0,238.94191214811391,1515050,1
1016o.png,0,126.0,241.0,115.0,195.45218393432006,1049940,1
1017o.png,0,57.0,255.0,198.0,224.3386022002933,1326914,1
1018o.png,0,144.0,254.0,110.0,205.3228498492629,1013022,1
1019o.png,0,140.0,243.0,103.0,200.35487069124085,1630980,1
1020o.png,0,82.0,255.0,173.0,243.00266483976893,1628991,1
1021o.png,0,47.0,255.0,208.0,211.40196461088334,1332274,1
1022o.png,0,46.0,255.0,209.0,212.02632260823628,1590040,1
1023o.png,0,55.0,255.0,200.0,208.71375736121715,1469526,1
1024o.png,0,89.0,255.0,166.0,236.74912989026507,1691166,1
1025o.png,0,63.0,255.0,192.0,233.87486061595968,827749,1
1026o.png,0,53.0,255.0,202.0,228.0021621004077,700245,1
1027o.png,0,72.0,255.0,183.0,227.17296321783246,1482240,1
1028o.png,0,90.0,255.0,165.0,232.3345964845965,1058200,1
1029o.png,0,61.0,255.0,194.0,228.62480045777335,681560,1
1030o.png,0,68.0,255.0,187.0,214.51544082979726,627816,1
1031o.png,0,51.0,255.0,204.0,214.15694429092517,1013264,1
1032o.png,0,64.0,255.0,191.0,214.46738299768842,739323,1
1033o.png,0,119.0,240.0,121.0,185.33978179211852,904092,1
1034o.png,0,122.0,254.0,132.0,211.10526825996828,1640200,1
1035o.png,0,52.0,255.0,203.0,229.2885784692745,1520952,1
1036o.png,0,38.0,255.0,217.0,228.6143302473782,1594320,1
1037o.png,0,40.0,255.0,215.0,233.1019536019536,1723176,1
1038o.png,0,53.0,255.0,202.0,230.27414572226454,1575600,1
1039o.png,0,71.0,255.0,184.0,225.6193397093181,1599962,1
1040o.png,0,96.0,255.0,159.0,231.508171428877,1121958,1
1041o.png,0,129.0,246.0,117.0,212.92446857471595,695300,1
1042o.png,0,125.0,254.0,129.0,224.9723171648589,1558836,1
1043o.png,0,132.0,253.0,121.0,195.64796731229703,1617489,1
1044o.png,0,129.0,218.0,89.0,189.74674269389286,427040,1
1045o.png,0,136.0,241.0,105.0,206.45199655813258,509026,1
1046o.png,0,159.0,254.0,95.0,224.88849886104984,1129549,1
1047o.png,0,47.0,255.0,208.0,224.45178427571065,1129590,1
1048o.png,0,53.0,255.0,202.0,232.8885584265547,709780,1
1049o.png,0,38.0,255.0,217.0,216.66973527196896,863150,1
1050o.png,0,42.0,255.0,213.0,230.55320095717954,1642743,1
1051o.png,0,40.0,255.0,215.0,220.27824307428122,944559,1
1052o.png,0,71.0,255.0,184.0,233.68693797852114,1167660,1
1053o.png,0,48.0,255.0,207.0,221.30918323618374,961404,1
1054o.png,0,90.0,255.0,165.0,226.74091064050904,1331722,1
1055o.png,0,130.0,219.0,89.0,178.89664617003137,992358,1
1056o.png,0,100.0,236.0,136.0,182.99035883495367,1396408,1
1057o.png,0,142.0,253.0,111.0,215.61354832243353,1596360,1
1058o.png,0,99.0,247.0,148.0,208.4729350723631,1468635,1
1059o.png,0,155.0,254.0,99.0,222.9367526334527,764016,1
1060o.png,0,138.0,254.0,116.0,216.5362472941806,1707893,1
1061o.png,0,110.0,254.0,144.0,201.34846539323192,1696200,1
1062o.png,0,113.0,229.0,116.0,165.53820088376034,1528695,1
1063o.png,0,75.0,255.0,180.0,224.54779819620157,1624350,1
1065o.png,0,45.0,255.0,210.0,231.99954190772883,1685250,1
1066o.png,0,45.0,255.0,210.0,227.15576506117637,1590729,1
1067o.png,0,62.0,255.0,193.0,229.57685808954236,1364762,1
1068o.png,0,52.0,255.0,203.0,230.58230943227917,1506656,1
1069o.png,0,59.0,255.0,196.0,230.0109532473977,1692740,1
1070o.png,0,62.0,255.0,193.0,221.91332221548794,1062556,1
1071o.png,0,58.0,255.0,197.0,225.23306074766356,1669200,1
1072o.png,0,65.0,255.0,190.0,225.46268153151723,1416765,1
1073o.png,0,136.0,255.0,119.0,234.5114570618445,1418121,1
1074o.png,0,74.0,255.0,181.0,224.94544113204626,1602196,1
1075o.png,0,44.0,255.0,211.0,228.07484320001444,1328444,1
1076o.png,0,47.0,255.0,208.0,226.66390489455745,1573748,1
1077o.png,0,44.0,255.0,211.0,217.5745729064728,1609425,1
1078o.png,0,40.0,255.0,215.0,217.3645600991326,1198395,1
1079o.png,0,71.0,254.0,183.0,186.634648795606,1597816,1
1080o.png,0,35.0,255.0,220.0,225.8664867407331,1590284,1
1081o.png,0,42.0,255.0,213.0,211.85339354132458,1278900,1
1082o.png,0,60.0,255.0,195.0,232.20135142151284,924508,1
1083o.png,0,40.0,255.0,215.0,210.98928975149926,1200439,1
1084o.png,0,34.0,255.0,221.0,213.71807825016066,1671102,1
1085o.png,0,95.0,254.0,159.0,179.9615461843633,801819,1
1086o.png,0,124.0,229.0,105.0,181.1036481016414,1509936,1
1087o.png,0,88.0,179.0,91.0,125.78967917940675,479458,1
1088o.png,0,69.0,255.0,186.0,219.06591342974434,1442574,1
1089o.png,0,71.0,255.0,184.0,187.51200232361597,991558,1
1090o.png,0,44.0,255.0,211.0,203.79638359182982,1179900,1
1091o.png,0,39.0,255.0,216.0,230.40094863602852,1627600,1
1092o.png,0,33.0,255.0,222.0,215.43468099246036,1473147,1
1093o.png,0,37.0,255.0,218.0,205.06854032358322,1126140,1
1094o.png,0,31.0,255.0,224.0,220.2098240203193,1322880,1
1095o.png,0,30.0,255.0,225.0,216.40913143773312,1466976,1
1096o.png,0,29.0,255.0,226.0,220.5653413903769,1676380,1
1097o.png,0,43.0,255.0,212.0,223.64427380015735,1588750,1
1098o.png,0,29.0,255.0,226.0,218.7050709416702,1125925,1
1099o.png,0,46.0,255.0,209.0,178.23550713565382,1178028,1
1100o.png,0,30.0,255.0,225.0,198.2745185185185,803250,1
1101o.png,0,49.0,255.0,206.0,208.853364360603,786405,1
1102o.png,0,43.0,251.0,208.0,176.58175736057774,1987344,1
1103o.png,0,38.0,254.0,216.0,194.205519738649,1383580,1
1104o.png,0,47.0,254.0,207.0,202.74165077699476,1959344,1
1105o.png,0,48.0,254.0,206.0,201.15889029003782,2497950,1
1106o.png,0,40.0,254.0,214.0,198.04879211223974,1812834,1
1107o.png,0,38.0,253.0,215.0,192.08785077429349,1028938,1
1108o.png,0,45.0,254.0,209.0,192.32992607510135,2046807,1
1109o.png,0,38.0,253.0,215.0,196.00784265064436,2296800,1
1110o.png,0,39.0,254.0,215.0,202.2171063934225,1792780,1
1111o.png,0,56.0,254.0,198.0,225.24654125982798,1840410,1
1112o.png,0,50.0,254.0,204.0,206.34335259251304,1471333,1
1113o.png,0,54.0,255.0,201.0,201.89003433810345,2364720,1
1114o.png,0,47.0,255.0,208.0,226.52421572722966,2137681,1
1115o.png,0,50.0,255.0,205.0,208.28260164242917,2496546,1
1116o.png,0,51.0,254.0,203.0,198.0339339316344,1305920,1
1117o.png,0,52.0,255.0,203.0,228.4148627775432,2043871,1
1118o.png,0,53.0,254.0,201.0,209.5157393611144,932217,1
1119o.png,0,45.0,255.0,210.0,222.98023316810142,983668,1
1120o.png,0,75.0,254.0,179.0,216.33550581240164,1086470,1
1121o.png,0,61.0,255.0,194.0,231.75933563139654,1497783,1
1122o.png,0,85.0,255.0,170.0,223.91559081018337,1182004,1
1123o.png,0,86.0,254.0,168.0,203.77314446590665,1108926,1
1124o.png,0,56.0,255.0,199.0,223.67912550650448,975559,1
1125o.png,0,81.0,255.0,174.0,219.60375167059124,1194188,1
1126o.png,0,92.0,255.0,163.0,223.5256399313105,1487855,1
1127o.png,0,78.0,255.0,177.0,218.5129321608991,554857,1
1128o.png,0,63.0,255.0,192.0,216.20506572578043,2324050,1
1129o.png,0,71.0,255.0,184.0,220.00996817054343,2306040,1
1130o.png,0,76.0,255.0,179.0,222.4904747652623,574684,1
1131o.png,0,67.0,255.0,188.0,218.32778892662344,777360,1
1132o.png,0,43.0,255.0,212.0,220.66409885048472,1532820,1
1133o.png,0,54.0,255.0,201.0,210.43277275322518,1262799,1
1134o.png,0,89.0,255.0,166.0,203.28658235482212,988236,1
1135o.png,0,60.0,254.0,194.0,215.79222480777014,1779120,1
1136o.png,0,103.0,253.0,150.0,197.28586257223205,2106925,1
1137o.png,0,62.0,254.0,192.0,229.02846765192444,2110852,1
1138o.png,0,73.0,254.0,181.0,210.64883606437172,1718394,1
1139o.png,0,57.0,254.0,197.0,231.8267893763063,2034396,1
1140o.png,0,58.0,254.0,196.0,232.86073247431918,2075868,1
1141o.png,0,66.0,254.0,188.0,233.75000579197715,2244484,1
1142o.png,0,67.0,254.0,187.0,222.12801744404499,1948172,1
1143o.png,0,65.0,254.0,189.0,226.59570622112676,2000988,1
1145o.png,0,62.0,254.0,192.0,231.22439063846116,2126488,1
1146o.png,0,62.0,254.0,192.0,229.26881569965872,1758000,1
1147o.png,0,65.0,254.0,189.0,221.75053504747945,1404081,1
1148o.png,0,71.0,254.0,183.0,222.6651221502719,1573308,1
1149o.png,0,69.0,254.0,185.0,233.3305042050846,789996,1
1150o.png,0,53.0,254.0,201.0,217.33013501306183,450549,1
1151o.png,0,76.0,254.0,178.0,227.2483134890093,2078848,1
1152o.png,0,67.0,254.0,187.0,210.00647417130935,1838382,1
1153o.png,0,58.0,254.0,196.0,189.84554347813597,870219,1
1154o.png,0,64.0,254.0,190.0,223.14653830254497,1748983,1
1155o.png,0,50.0,254.0,204.0,221.95554348401532,1737788,1
1156o.png,0,68.0,254.0,186.0,218.82601208088875,2006806,1
1157o.png,0,65.0,254.0,189.0,225.20728079785292,846171,1
1158o.png,0,61.0,254.0,193.0,231.37788546888024,2103341,1
1159o.png,0,59.0,254.0,195.0,211.61440157286802,516763,1
1160o.png,0,66.0,254.0,188.0,226.41833090742583,1563676,1
1161o.png,0,73.0,253.0,180.0,213.1566813740794,1085847,1
1162o.png,0,62.0,254.0,192.0,232.10317987704508,2141435,1
1163o.png,0,80.0,254.0,174.0,229.18674229101552,2098266,1
1164o.png,0,64.0,254.0,190.0,228.55956481618122,2141348,1
1165o.png,0,74.0,254.0,180.0,231.0654325486347,2184448,1
1166o.png,0,60.0,254.0,194.0,232.31729938696836,1832695,1
1167o.png,0,58.0,254.0,196.0,229.38962340045902,861419,1
1168o.png,0,65.0,254.0,189.0,221.42163267607975,1347628,1
1169o.png,0,66.92000000000189,254.0,187.0799999999981,231.53616209599832,1015497,1
1170o.png,0,65.0,254.0,189.0,234.7364147548358,1733940,1
1171o.png,0,64.0,254.0,190.0,227.31319389760822,1996332,1
1172o.png,0,59.0,254.0,195.0,225.68322355388472,1239303,1
1173o.png,0,65.0,254.0,189.0,218.05687537169788,1251016,1
1174o.png,0,80.0,170.0,90.0,121.39778898824851,1537848,1
1175o.png,0,79.0,255.0,176.0,226.98570337934765,1862608,1
1176o.png,0,78.0,255.0,177.0,232.81075137758205,2861717,1
1178o.png,0,67.0,254.0,187.0,221.05536585380253,3387774,1
1179o.png,0,67.0,254.0,187.0,224.87210552593922,3052368,1
1180o.png,0,87.0,255.0,168.0,231.51012582244755,2483897,1
1181o.png,0,74.0,255.0,181.0,232.22437441319346,3135616,1
1182o.png,0,80.0,255.0,175.0,229.171453905091,2670642,1
1183o.png,0,73.0,255.0,182.0,228.7608638600328,2560600,1
1185o.png,0,63.0,254.0,191.0,202.5697066156463,1545004,1
1186o.png,0,60.0,254.0,194.0,199.60624577404704,2304214,1
1187o.png,0,76.0,254.0,178.0,208.56106641180654,1619712,1
1188o.png,0,97.0,254.0,157.0,235.7901075586193,1260336,1
1189o.png,0,76.0,254.0,178.0,220.69225189730284,2256888,1
1190o.png,0,170.0,255.0,85.0,248.082031811266,508059,1
1191o.png,0,138.0,255.0,117.0,244.45936120004544,1073826,1
1193o.png,0,72.0,250.0,178.0,170.86648791009736,839130,1
1194o.png,0,85.0,254.0,169.0,219.3140057154263,2054090,1
1195o.png,0,139.0,255.0,116.0,240.55646290286813,590733,1
1196o.png,0,65.0,254.0,189.0,193.70352968473563,1517076,1
1198o.png,0,80.0,255.0,175.0,216.0993413235332,2174664,1
1199o.png,0,72.0,254.0,182.0,214.70487084305879,2560296,1
1200o.png,0,158.0,255.0,97.0,228.34012957191703,1823852,1
1201o.png,0,80.0,255.0,175.0,234.39666098188266,2365965,1
1202o.png,0,70.0,255.0,185.0,239.61871443470798,2106513,1
1203o.png,0,66.0,255.0,189.0,233.45331729718137,1925649,1
1204o.png,0,62.0,255.0,193.0,232.52871090986275,742035,1
1205o.png,0,97.0,254.0,157.0,192.7749791066261,1344924,1
1206o.png,0,63.0,255.0,192.0,237.20163225221594,1985600,1
1207o.png,0,59.0,255.0,196.0,226.0814888715006,2300400,1
1208o.png,0,60.0,255.0,195.0,227.90929496285344,1664891,1
1209o.png,0,2.0,235.0,233.0,179.50501884873145,3208704,1
1210o.png,0,3.0,230.0,227.0,193.78573938752805,2782952,1
1211o.png,0,2.0,229.0,227.0,196.07984464422358,1745928,1
1212o.png,0,0.0,231.0,231.0,151.25929789982632,1038057,1
1213o.png,0,2.0,234.0,232.0,186.8057992966048,1238564,1
1214o.png,0,7.0,229.0,222.0,185.29056888357147,1096604,1
1215o.png,0,2.0,229.0,227.0,187.35741446036027,975688,1
1216o.png,0,29.0,239.0,210.0,206.32800649499566,1953504,1
1217o.png,0,4.0,241.0,237.0,198.75828033611728,1566120,1
1218o.png,0,4.0,243.0,239.0,198.50044230653293,3450096,1
1224o.png,0,4.0,238.0,234.0,198.772641173106,1021016,1
1225o.png,0,10.0,241.0,231.0,211.90874290938947,1071840,1
1226o.png,0,1.0,232.0,231.0,186.7795822571942,763532,1
1227o.png,0,3.0,214.0,211.0,184.870443490701,1223250,1
1229o.png,0,2.0,226.0,224.0,188.0466669101534,2738000,1
1230o.png,0,16.0,237.0,221.0,203.05972958216614,2159399,1
1231o.png,0,8.0,228.0,220.0,194.9240929811336,1581224,1
1232o.png,0,3.0,216.0,213.0,179.39302950220767,1295259,1
1233o.png,0,2.0,240.0,238.0,194.03671682586548,1641972,1
1234o.png,0,21.0,227.0,206.0,200.48439147110548,1902005,1
1235o.png,0,2.0,241.0,239.0,194.21140368198587,698862,1
1236o.png,0,8.0,235.0,227.0,199.19829875349407,2059196,1
1237o.png,0,4.0,215.0,211.0,174.75599578915197,2826984,1
1238o.png,0,1.0,226.0,225.0,156.43452366808668,1178380,1
1239o.png,0,13.0,245.0,232.0,214.86758564645865,1063208,1
1240o.png,0,2.0,230.0,228.0,185.47988133253753,1023701,1
1241o.png,0,38.0,218.0,180.0,187.18341336334458,2399100,1
1242o.png,0,41.0,214.0,173.0,192.37567383730348,1709797,1
1243o.png,1,5.0,150.0,145.0,111.69476445973828,2159185,1
1244o.png,1,28.0,197.0,169.0,156.22904823428078,650160,1
1245o.png,1,3.0,190.0,187.0,144.64254614647288,1613937,1
1246o.png,1,10.0,163.0,153.0,137.71796646372525,1138588,1
1247o.png,1,7.0,171.0,164.0,143.18668729767487,771654,1
1248o.png,1,4.0,180.0,176.0,138.35968131319353,2126602,1
1249o.png,1,3.0,178.0,175.0,128.92639617875722,3452280,1
1250o.png,1,3.0,181.0,178.0,133.9215186139748,3492000,1
1251o.png,1,6.0,192.0,186.0,154.2319271559778,607984,1
1252o.png,1,3.0,174.0,171.0,139.3077599956003,581856,1
1253o.png,1,4.0,175.0,171.0,138.8803668973542,556886,1
1254o.png,1,3.0,181.0,178.0,137.90013550930954,2044140,1
1255o.png,1,9.0,192.0,183.0,164.0159443632026,593564,1
1256o.png,1,3.0,148.0,145.0,117.29469362847078,973377,1
1257o.png,1,3.0,172.0,169.0,135.10542981994442,1633940,1
1258o.png,1,2.0,188.0,186.0,124.0009732952126,2137070,1
1259o.png,1,23.0,177.0,154.0,149.9958219085339,1181640,1
1261o.png,1,3.0,174.0,171.0,130.16323850877274,2683025,1
1269o.png,1,3.0,177.0,174.0,138.60245037411465,2082784,1
1270o.png,1,2.0,187.0,185.0,138.13315738231015,589558,1
1271o.png,1,5.0,178.0,173.0,147.24949234530715,1216378,1
1272o.png,1,2.0,174.0,172.0,122.21642991958757,2868462,1
1273o.png,1,1.0,170.0,169.0,123.5299721437057,2441100,1
1274o.png,1,4.0,186.0,182.0,153.81675471165633,907112,1
1275o.png,1,7.0,190.0,183.0,153.7038864285776,463356,1
1276o.png,1,9.0,180.0,171.0,145.4792013485611,1239840,1
1277o.png,1,2.0,195.0,193.0,148.68770231610299,765510,1
1278o.png,1,5.0,177.0,172.0,144.48976845376845,2252250,1
1279o.png,1,2.0,168.0,166.0,120.91883517196625,616400,1
1280o.png,1,3.0,179.0,176.0,142.70202463797492,888060,1
1281o.png,1,3.0,180.0,177.0,134.94676901577608,712724,1
1282o.png,1,5.0,194.0,189.0,148.17628436084007,553719,1
1283o.png,1,11.0,193.0,182.0,157.28314616328055,468825,1
1284o.png,1,4.0,198.0,194.0,148.41057845199433,2298635,1
1285o.png,1,24.0,176.0,152.0,147.1510358577682,667080,1
1286o.png,1,3.0,170.0,167.0,130.8314697863823,1043172,1
1287o.png,1,2.0,173.0,171.0,131.6063569968336,2477585,1
1288o.png,1,3.0,176.0,173.0,128.90000622457302,1879647,1
1289o.png,1,5.0,181.0,176.0,144.21228527918927,694099,1
1290o.png,1,5.0,172.0,167.0,139.2123970179177,1205064,1
1291o.png,1,2.0,184.0,182.0,136.08557888040713,786000,1
1292o.png,1,19.0,188.0,169.0,161.60911037499315,819615,1
1293o.png,1,6.0,187.0,181.0,142.0283112294967,1783250,1
1294o.png,1,3.0,160.0,157.0,124.48268623737374,2914560,1
1295o.png,1,6.0,189.0,183.0,149.54063257273324,1427820,1
1296o.png,1,11.0,181.0,170.0,147.65944198107923,562239,1
1297o.png,1,2.0,181.0,179.0,136.61958047268175,2291436,1
1298o.png,1,2.0,184.0,182.0,136.21662953060013,1077120,1
1299o.png,1,3.0,180.0,177.0,134.45584590741146,1058792,1
1300o.png,1,2.0,176.0,174.0,133.40931711506929,1152610,1
1301o.png,1,7.0,192.0,185.0,153.53043487910162,901170,1
1302o.png,1,2.0,187.0,185.0,121.31172460688482,1176500,1
1303o.png,1,3.0,182.0,179.0,145.92032101387463,689316,1
1304o.png,1,6.0,151.0,145.0,123.48048398827497,1361190,1
1305o.png,1,3.0,183.0,180.0,140.30734723977073,832612,1
1306o.png,1,3.0,189.0,186.0,146.1140886505938,1160466,1
1307o.png,1,5.0,183.0,178.0,147.30417718435854,1083888,1
1308o.png,1,5.0,196.0,191.0,158.25566391756948,943340,1
1309o.png,1,4.0,184.0,180.0,142.26369733124625,1244476,1
1310o.png,1,2.0,186.0,184.0,143.76864905557076,1402752,1
1311o.png,1,2.0,174.0,172.0,126.09226451050287,2302608,1
1312o.png,1,2.0,196.0,194.0,146.02894438403345,2357003,1
1313o.png,1,2.0,172.0,170.0,126.83242930627934,2733694,1
1314o.png,0,101.0,253.0,152.0,184.53221737883777,1653114,1
1315o.png,0,82.0,254.0,172.0,205.79987680543755,2118600,1
1316o.png,0,74.0,254.0,180.0,197.49558466051548,1989428,1
1317o.png,0,80.0,254.0,174.0,196.63275064658453,1971900,1
1318o.png,0,72.0,254.0,182.0,218.71718144806007,2322086,1
1319o.png,0,91.0,237.0,146.0,183.0923666442819,881552,1
1320o.png,0,83.0,254.0,171.0,212.49670934914553,2109765,1
1321o.png,0,67.0,253.0,186.0,206.77911592843137,2010154,1
1322o.png,0,68.0,254.0,186.0,206.45493048639509,1648742,1
1323o.png,0,3.0,230.0,227.0,164.3761568872052,2071399,1
1324o.png,0,87.0,253.0,166.0,179.2767686218064,1945300,1
1325o.png,0,97.0,253.0,156.0,191.38744065530926,1334576,1
1326o.png,0,73.0,254.0,181.0,206.49861425557023,2494688,1
1327o.png,0,67.0,254.0,187.0,213.97065390625556,1542897,1
1328o.png,0,2.0,242.0,240.0,187.7058460964682,3056655,1
1329o.png,0,14.0,204.0,190.0,112.12925598046705,534072,1
1330o.png,0,75.0,251.0,176.0,165.9663576795838,1297681,1
1331o.png,0,85.0,254.0,169.0,222.80138041733548,1619800,1
1332o.png,0,90.0,254.0,164.0,206.19489679182846,2768337,1
1333o.png,0,89.0,248.0,159.0,183.9166887381143,2129448,1
1334o.png,0,82.0,244.0,162.0,180.62705201497036,2609691,1
1336o.png,0,61.0,254.0,193.0,203.47706853769145,794716,1
1337o.png,0,67.0,254.0,187.0,212.68512343062292,1910790,1
1338o.png,0,74.0,254.0,180.0,205.12934157642067,2149680,1
1339o.png,0,66.0,253.0,187.0,209.61852955517338,2428272,1
1340o.png,0,70.0,254.0,184.0,211.2996181439053,539994,1
1341o.png,0,2.0,238.0,236.0,186.5551849702887,499810,1
1342o.png,0,2.0,235.0,233.0,185.22887683037726,941336,1
1343o.png,0,78.0,254.0,176.0,199.0847649270747,2140272,1
1344o.png,0,87.0,253.0,166.0,222.33920270070837,1734656,1
1345o.png,0,61.0,255.0,194.0,201.913611101349,1991830,1
1346o.png,0,65.0,254.0,189.0,216.4916295435521,1907841,1
1347o.png,0,72.0,254.0,182.0,224.05396496646614,1434968,1
1348o.png,0,61.0,254.0,193.0,195.55983838470235,1028863,1
1349o.png,0,72.0,255.0,183.0,222.89903869095724,1299270,1
1350o.png,0,59.0,254.0,195.0,211.05796651193035,1107260,1
1351o.png,0,47.0,254.0,207.0,211.46454847832385,1425369,1
1352o.png,0,57.0,254.0,197.0,217.49161517714742,1164962,1
1353o.png,0,61.0,255.0,194.0,216.95821825623963,1098901,1
1354o.png,0,51.0,254.0,203.0,221.5711504240327,1784768,1
1355o.png,0,52.0,254.0,202.0,202.19609083141134,887094,1
1356o.png,0,94.0,252.0,158.0,165.17836169476286,1005356,1
1357o.png,0,58.0,254.0,196.0,216.91750958507055,1479384,1
1358o.png,0,57.0,254.0,197.0,197.98769230362683,1513687,1
1359o.png,0,51.0,254.0,203.0,213.21403565378722,1487640,1
1360o.png,0,69.0,254.0,185.0,215.15969047873844,2093168,1
1364o.png,0,56.0,253.0,197.0,185.02682242601827,3365020,1
1366o.png,0,87.0,223.0,136.0,163.93688609465795,2671218,1
1368o.png,0,185.0,254.0,69.0,241.41398466687423,513920,1
1369o.png,0,79.0,254.0,175.0,179.91735284894,1441308,1
1371o.png,0,116.0,253.0,137.0,225.50763268534678,1860944,1
1373o.png,0,108.0,252.0,144.0,223.39654015124327,3156901,1
1375o.png,0,111.0,250.0,139.0,185.30399789122222,1308815,1
1378o.png,0,100.0,253.0,153.0,184.06986507329412,1440634,1
1379o.png,0,128.0,225.0,97.0,187.2499774951632,1444134,1
1380o.png,0,50.0,255.0,205.0,219.91517319065852,2815914,1
1383o.png,0,68.0,225.0,157.0,166.3055151671393,1163700,1
1384o.png,0,83.0,242.0,159.0,197.86738521222557,1235737,1
1385o.png,0,66.0,254.0,188.0,220.98809502129683,988410,1
1387o.png,0,102.0,246.0,144.0,187.78811992350424,1230918,1
1388o.png,0,96.0,214.0,118.0,151.75354475108466,447140,1
1389o.png,0,83.0,254.0,171.0,164.0961430105823,1817376,1
1390o.png,0,85.0,252.0,167.0,161.91437121408393,1296912,1
1391o.png,0,2.0,226.0,224.0,183.1884987499669,1057572,1
1392o.png,0,3.0,231.0,228.0,194.68580967853052,1718608,1
1393o.png,0,10.0,232.0,222.0,199.89866344738698,918632,1
1394o.png,0,1.0,246.0,245.0,183.82929904593377,3153345,1
1395o.png,0,28.0,249.0,221.0,200.13032440866783,1322776,1
1396o.png,0,78.0,220.0,142.0,158.32840567941335,1950624,1
1397o.png,0,97.0,234.0,137.0,169.21409326723264,1041845,1
1399o.png,0,88.0,252.0,164.0,213.62904931678145,2095230,1
1406o.png,0,66.0,255.0,189.0,233.6618715520649,5818700,1
1407o.png,0,30.0,255.0,225.0,226.52751475290472,6339599,1
