id,status,region,archief,fonds,signatuur,year,month,day,extra_datum,extra_info,noncharter_flag,in_gysseling_century,reviewed_gys,review_note,auto_gys,auto_score,auto_margin,auto_hand_group
87o,unmatched,flanders,Bisdom Brugge,Urbanisten,,1272,5,,,,False,True,,,,0.3102,0.0121,
11o,unmatched,flanders,C.O.O. Brugge,Magdalenahospitaal,,1267,10,8,,,False,True,,,,0.3213,0.0066,
92o,unmatched,flanders,C.O.O. Brugge,Begijnhof,,1273,2,23,,,False,True,,,,0.3418,0.0043,
107o,unmatched,flanders,C.O.O. Brugge,Magdalenahospitaal,,1274,4,12,,,False,True,,,,0.3632,0.0018,
130o,unmatched,flanders,C.O.O. Brugge,Begijnhof,,1277,2,20,,,False,True,,,,0.3742,0.0015,
418o,unmatched,flanders,C.O.O. Brugge,Magdalenahospitaal,,1284,10,12,,,False,True,,,,0.366,0.0113,
464o,unmatched,flanders,C.O.O. Brugge,rekening Watering van Blankenberge,,1286,4,17,,,False,True,,,,0.2905,0.0014,
542o,unmatched,flanders,C.O.O. Brugge,Magdalenahospitaal,,1288,2,13,,,False,True,,,,0.3791,0.014,
995o,unmatched,flanders,C.O.O. Brugge,Magdalenahospitaal,,1291,1,15,,,False,True,,,,0.3464,0.0052,
828o,unmatched,flanders,C.O.O. Brugge,Magdalenahospitaal,,1292,3,1,,,False,True,,,,0.3855,0.0071,
825o,unmatched,flanders,C.O.O. Brugge,rekening Watering van Blankenberge,,1293,4,1,,,False,True,,,,0.2934,0.0085,
821o,unmatched,flanders,C.O.O. Brugge,rekening Watering van Blankenberge,,1294,4,21,,,False,True,,,,0.2977,0.0001,
823o,unmatched,flanders,C.O.O. Brugge,Begijnhof,,1294,1,16,,,False,True,,,,0.398,0.0074,
727o,unmatched,flanders,C.O.O. Brugge,rekening Watering van Blankenberge,,1297,4,17,,,False,True,,,,0.2774,0.0026,
725o,unmatched,flanders,C.O.O. Brugge,rekening Watering van Blankenberge,,1298,4,9,,,False,True,,,,0.3117,0.0018,
760o,unmatched,flanders,C.O.O. Brugge,Begijnhof,,1299,12,31,,,False,True,,,,0.3894,0.0154,
1380o,unmatched,flanders,COO Kortrijk,,,1294,10,12,,,False,True,,,,0.3601,0.0009,
16o,unmatched,flanders,Groot Seminarie Brugge,Ter Duinen,,1267,4,30,,,False,True,,,,0.3358,0.0031,
5o,unmatched,flanders,Groot Seminarie Brugge,Ter Duinen,,1269,1,12,,,False,True,,,,0.3576,0.0063,
71o,unmatched,flanders,Groot Seminarie Brugge,Ter Duinen,,1270,8,,eind augustus,,False,True,,,,0.3385,0.0209,
163o,unmatched,flanders,Groot Seminarie Brugge,Ter Duinen,,1278,6,22,,,False,True,,,,0.3311,0.0002,
203o,unmatched,flanders,Groot Seminarie Brugge,Ter Duinen,,1279,12,15,,,False,True,,,,0.3473,0.0008,
235o,unmatched,flanders,Groot Seminarie Brugge,Ter Duinen,,1282,5,2,,,False,True,,,,0.3293,0.0557,
255o,unmatched,flanders,Groot Seminarie Brugge,Ter Duinen,,1282,3,14,,,False,True,,,,0.3952,0.0048,
397o,unmatched,flanders,Groot Seminarie Brugge,Ter Duinen,,1284,3,4,,,False,True,,,,0.3802,0.0018,
431o,unmatched,flanders,Groot Seminarie Brugge,Ter Duinen,,1284,7,22,,,False,True,,,,0.3535,0.0019,
356o,unmatched,flanders,Groot Seminarie Brugge,Ter Duinen,,1285,10,13,,,False,True,,,,0.363,0.0172,
439o,unmatched,flanders,Groot Seminarie Brugge,Ter Duinen,,1286,9,27,,,False,True,,,,0.3484,0.0005,
441o,unmatched,flanders,Groot Seminarie Brugge,Ter Duinen,,1286,7,18,,,False,True,,,,0.3782,0.0279,
446o,unmatched,flanders,Groot Seminarie Brugge,Ter Duinen,,1286,1,24,,,False,True,,,,0.385,0.0069,
484o,unmatched,flanders,Groot Seminarie Brugge,Ter Duinen,,1287,3,8,,,False,True,,,,0.349,0.0234,
521o,unmatched,flanders,Groot Seminarie Brugge,Ter Duinen,,1288,4,3,,,False,True,,,,0.3539,0.0069,
573o,unmatched,flanders,Groot Seminarie Brugge,Ter Duinen,,1288,5,7,,,False,True,,,,0.3487,0.0002,
574o,unmatched,flanders,Groot Seminarie Brugge,Ter Duinen,,1288,5,7,,,False,True,,,,0.3472,0.0504,
575o,unmatched,flanders,Groot Seminarie Brugge,Ter Duinen,,1288,5,7,,,False,True,,,,0.3549,0.0029,
576o,unmatched,flanders,Groot Seminarie Brugge,Ter Duinen,,1288,5,7,,,False,True,,,,0.3562,0.0187,
577o,unmatched,flanders,Groot Seminarie Brugge,Ter Duinen,,1288,5,7,,,False,True,,,,0.3464,0.0058,
578o,unmatched,flanders,Groot Seminarie Brugge,Ter Duinen,,1288,5,7,,,False,True,,,,0.3541,0.0,
579o,unmatched,flanders,Groot Seminarie Brugge,Ter Duinen,,1288,5,7,,,False,True,,,,0.3452,0.0096,
580o,unmatched,flanders,Groot Seminarie Brugge,Ter Duinen,,1288,5,7,,,False,True,,,,0.3617,0.0175,
582o,unmatched,flanders,Groot Seminarie Brugge,Ter Duinen,,1289,3,16,,,False,True,,,,0.3713,0.0076,
1136o,unmatched,flanders,Groot Seminarie Brugge,Ter Duinen,,1291,1,17,,,False,True,,,,0.3901,0.0263,
693o,unmatched,flanders,Groot Seminarie Brugge,Ter Duinen,,1291,9,,,,False,True,,,,0.3854,0.0047,
1143o,unmatched,flanders,Groot Seminarie Brugge,Ter Duinen,,1293,9,7,,,False,True,,,,0.3212,0.0894,
1145o,unmatched,flanders,Groot Seminarie Brugge,Eekhout,,1293,11,28,,,False,True,,,,0.3931,0.0105,
1151o,unmatched,flanders,Groot Seminarie Brugge,Ter Duinen,,1295,1,15,,,False,True,,,,0.3564,0.0019,
1162o,unmatched,flanders,Groot Seminarie Brugge,Eekhout,,1296,12,8,,,False,True,,,,0.3636,0.0291,
713o,unmatched,flanders,Groot Seminarie Brugge,Ter Duinen,,1296,10,20,,,False,True,,,,0.3898,0.0227,
1164o,unmatched,flanders,Groot Seminarie Brugge,Ter Duinen,,1297,6,28,,,False,True,,,,0.3539,0.0067,
630o,unmatched,flanders,Groot Seminarie Brugge,Ter Duinen,,1297,6,30,,,False,True,,,,0.3879,0.0025,
641o,unmatched,flanders,Groot Seminarie Brugge,Ter Duinen,,1299,7,2,,,False,True,,,1198,0.4131,0.0016,107
643o,unmatched,flanders,Groot Seminarie Brugge,Ter Duinen,,1299,12,3,,,False,True,,,,0.3397,0.0012,
559o,unmatched,flanders,Karmelieten Brugge,,,1288,2,18,,,False,True,,,,0.3431,0.0001,
571o,unmatched,flanders,Karmelieten Brugge,,,1288,2,18,,,False,True,,,,0.3544,0.0111,
1206o,unmatched,flanders,Karmelieten Brugge,,,1297,2,2,,,False,True,,,,0.3164,0.0444,
21o,unmatched,flanders,Klein Begijnhof,Gent,,1266,6,19,,,False,True,,,,0.3641,0.0033,
679o,unmatched,flanders,Klein Begijnhof Gent,,,1290,4,6,,,False,True,,,,0.3555,0.0139,
681o,unmatched,flanders,Klein Begijnhof Gent,,,1292,5,1,,,False,True,,,,0.3601,0.007,
683o,unmatched,flanders,Klein Begijnhof Gent,,,1296,2,26,,,False,True,,,,0.3703,0.0053,
684o,unmatched,flanders,Klein Begijnhof Gent,,,1297,1,31,,,False,True,,,,0.3816,0.0121,
344o,unmatched,flanders,O.L.V. Brugge,,,1285,4,28,,,False,True,,,,0.3977,0.011,
116o,unmatched,flanders,Potterie Brugge,,,1275,7,13,,,False,True,,,,0.349,0.0065,
537o,unmatched,flanders,Potterie Brugge,,,1288,10,29,,,False,True,,,,0.0441,0.0013,
938o,unmatched,flanders,Potterie Brugge,,,1290,5,14,,,False,True,,,1037,0.4892,0.0299,41
946o,unmatched,flanders,Potterie Brugge,,,1291,6,23,,,False,True,,,1514,0.44,0.048,56
903o,unmatched,flanders,Potterie Brugge,,,1292,2,3,,,False,True,,,,0.2594,0.0091,
923o,unmatched,flanders,Potterie Brugge,,,1296,7,1,,,False,True,,,,0.317,0.0001,
927o,unmatched,flanders,Potterie Brugge,,,1297,4,15,,,False,True,,,,0.3633,0.001,
928o,unmatched,flanders,Potterie Brugge,,,1297,4,15,,,False,True,,,,0.3601,0.0061,
1079o,unmatched,flanders,RA Beveren-Waas,Boudelo,,1298,3,,,,False,True,,,,0.3637,0.0097,
20o,unmatched,flanders,RA Brugge,blauw,3168,1264,7,30,,,False,True,,,,0.3473,0.0047,
140o,unmatched,flanders,RA Brugge,blauw,6752,1277,7,17,,,False,True,,,,0.3475,0.0013,
359o,unmatched,flanders,RA Brugge,blauw,6760,1285,5,16,,,False,True,,,,0.34,0.0098,
868o,unmatched,flanders,RA Brugge,blauw,11459,1300,5,,,,False,True,,,,0.3199,0.0019,
63o,unmatched,flanders,RA Gent,Rijke Gasthuis,,1236,,,,Statuten Gentse leprozerie van 1236,False,True,,,,0.3494,0.0,
12o,unmatched,flanders,RA Gent,Sint-Elizabeth,,1267,5,,,,False,True,,,,0.3591,0.0054,
15o,unmatched,flanders,RA Gent,Sint-Pietersabdij,,1267,7,12,,,False,True,,,,0.3302,0.001,
110o,unmatched,flanders,RA Gent,Sint-Baafs,,1274,8,26,,,False,True,,,,0.394,0.045,
121o,unmatched,flanders,RA Gent,Sint-Baafs,,1276,2,9,,,False,True,,,,0.3458,0.008,
128o,unmatched,flanders,RA Gent,Rijke Gasthuis,,1277,1,17,,,False,True,,,,0.3755,0.0266,
1019o,unmatched,flanders,RA Gent,Sint-Niklaaskerk,,1278,7,,,,False,True,,,,0.352,0.0013,
153o,unmatched,flanders,RA Gent,Sint-Pietersabdij,,1278,1,31,,,False,True,,,,0.3716,0.0033,
154o,unmatched,flanders,RA Gent,Sint-Pietersabdij,,1278,1,31,,,False,True,,,,0.3531,0.0021,
159o,unmatched,flanders,RA Gent,Nieuwenbosse,,1278,5,5,,,False,True,,,,0.3475,0.0009,
169o,unmatched,flanders,RA Gent,priorij Poperinge,,1278,9,24,,,False,True,,,,0.3551,0.0008,
65o,unmatched,flanders,RA Gent,Saint-Genois,241,1278,12,31,,,False,True,,,,0.3376,0.0195,
172o,unmatched,flanders,RA Gent,Rijke Gasthuis,,1279,2,,,,False,True,,,,0.375,0.0254,
324o,unmatched,flanders,RA Gent,Gaillard,709,1280,,,1280 na november 14,,False,True,,,,0.3078,0.0,
325o,unmatched,flanders,RA Gent,Saint-Genois,282,1280,,,1280 sept. 28-okt. 5,,False,True,,,,0.3073,0.0008,
326o,unmatched,flanders,RA Gent,Saint-Genois,270,1280,9,28,,,False,True,,,,0.3266,0.0056,
330o,unmatched,flanders,RA Gent,priorij Poperinge,,1280,3,9,,,False,True,,,,0.3311,0.0236,
331o,unmatched,flanders,RA Gent,Sint-Elizabeth,,1280,1,,,,False,True,,,,0.3565,0.0072,
298o,unmatched,flanders,RA Gent,chron. suppl. 113,,1281,5,,1281 ± mei 1 - mei 27,,False,True,,,,0.3021,0.0009,
299o,unmatched,flanders,RA Gent,Saint-Genois,288,1281,5,25,,,False,True,,,,0.3489,0.0087,
301o,unmatched,flanders,RA Gent,Sint-Elizabeth,,1281,6,8,,,False,True,,,,0.3495,0.0053,
309o,unmatched,flanders,RA Gent,Sint-Pietersabdij,,1281,10,17,,,False,True,,,,0.2992,0.0025,
269o,unmatched,flanders,RA Gent,Bethlehem Deinze,,1282,10,20,,,False,True,,,,0.3385,0.0088,
271o,unmatched,flanders,RA Gent,Sint-Pietersabdij,,1282,8,25,,,False,True,,,,0.3414,0.0146,
247o,unmatched,flanders,RA Gent,Zoetendale,,1283,4,22,,,False,True,,,,0.38,0.0119,
385o,unmatched,flanders,RA Gent,Sint-Baafs,,1285,2,1,,,False,True,,,,0.3489,0.0015,
386o,unmatched,flanders,RA Gent,Sint-Pietersabdij,,1285,1,20,,,False,True,,,,0.3432,0.0445,
469o,unmatched,flanders,RA Gent,Sint-Baafs,,1286,1,5,,,False,True,,,,0.3664,0.0097,
471o,unmatched,flanders,RA Gent,Sint-Pietersabdij,,1286,1,19,,,False,True,,,,0.3941,0.0237,
472o,unmatched,flanders,RA Gent,Rijke Klaren,,1286,3,20,,,False,True,,,,0.322,0.0004,
509o,unmatched,flanders,RA Gent,hospitaal Aalst,,1287,12,6,,,False,True,,,,0.389,0.0402,
511o,unmatched,flanders,RA Gent,Zoetendale,,1287,5,,,,False,True,,,,0.3554,0.0075,
513o,unmatched,flanders,RA Gent,Rijke Gasthuis,,1287,2,24,,,False,True,,,359,0.4404,0.0059,13
514o,unmatched,flanders,RA Gent,Rijke Klaren,,1287,12,3,,,False,True,,,,0.3402,0.0029,
552o,unmatched,flanders,RA Gent,Rijke Gasthuis,,1288,8,8,,,False,True,,,,0.3753,0.0117,
553o,unmatched,flanders,RA Gent,Rijke Gasthuis,,1288,6,20,,,False,True,,,1263,0.4905,0.0045,15
556o,unmatched,flanders,RA Gent,Rijke Klaren,,1288,6,23,,,False,True,,,,0.3703,0.0081,
557o,unmatched,flanders,RA Gent,Rijke Klaren,,1288,8,19,,,False,True,,,,0.3497,0.0042,
612o,unmatched,flanders,RA Gent,hospitaal Aalst,,1289,1,30,,,False,True,,,,0.3534,0.0039,
613o,unmatched,flanders,RA Gent,Oosteeklo,,1289,8,29,,,False,True,,,,0.3559,0.0133,
615o,unmatched,flanders,RA Gent,Sint-Baafs,,1289,6,19,,,False,True,,,,0.3087,0.0261,
1075o,unmatched,flanders,RA Gent,Sint-Elizabeth,,1291,1,1,,,False,True,,,,0.3791,0.0003,
1012o,unmatched,flanders,RA Gent,Rijke Klaren,,1292,3,18,,,False,True,,,,0.3555,0.0024,
1015o,unmatched,flanders,RA Gent,Sint-Pietersabdij,,1292,5,22,,,False,True,,,,0.3792,0.0231,
1035o,unmatched,flanders,RA Gent,de Ghellinck-Vaernewyck,,1292,12,10,,,False,True,,,,0.3367,0.0269,
1037o,unmatched,flanders,RA Gent,Oosteeklo,,1292,11,15,,,False,True,,,,0.313,0.0021,
1038o,unmatched,flanders,RA Gent,Onze-Lieve-Vrouwkerk,,1292,1,11,,,False,True,,,,0.3142,0.0092,
1043o,unmatched,flanders,RA Gent,Saint-Genois,646,1292,8,1,,,False,True,,,,0.3513,0.006,
1014o,unmatched,flanders,RA Gent,Rijke Klaren,,1293,6,4,,,False,True,,,,0.3571,0.0097,
1067o,unmatched,flanders,RA Gent,Nieuwenbosse,,1293,4,6,,,False,True,,,,0.3691,0.0057,
1071o,unmatched,flanders,RA Gent,Sint-Baafs,,1293,10,8,,,False,True,,,,0.38,0.0141,
1074o,unmatched,flanders,RA Gent,Sint-Baafs,,1293,9,13,,,False,True,,,,0.3478,0.0085,
1016o,unmatched,flanders,RA Gent,Sint-Niklaaskerk,,1294,10,1,,,False,True,,,,0.37,0.0012,
1024o,unmatched,flanders,RA Gent,Sint-Pietersabdij,,1294,10,29,,,False,True,,,,0.3378,0.0294,
1055o,unmatched,flanders,RA Gent,Gaillard,1065,1295,,,eind 1295,,False,True,,,,0.3185,0.0656,
1056o,unmatched,flanders,RA Gent,Saint-Genois,1072,1295,,,eind 1295,,False,True,,,,0.3375,0.0164,
1057o,unmatched,flanders,RA Gent,Gaillard,82,1295,,,,,False,True,,,,0.3191,0.0078,
1089o,unmatched,flanders,RA Gent,begijnhof Aalst,,1295,10,8,,,False,True,,,,0.3753,0.0135,
1073o,unmatched,flanders,RA Gent,Sint-Baafs,,1296,10,7,,,False,True,,,,0.3471,0.0002,
1085o,unmatched,flanders,RA Gent,begijnhof Aalst,,1296,8,21,,,False,True,,,,0.3732,0.0072,
1011o,unmatched,flanders,RA Gent,Sint-Pietersabdij,,1297,2,28,,,False,True,,,,0.3688,0.0086,
1025o,unmatched,flanders,RA Gent,Sint-Pietersabdij,,1297,4,16,,,False,True,,,,0.371,0.0121,
1031o,unmatched,flanders,RA Gent,Rijke Gasthuis,,1297,,,,,False,True,,,,0.3492,0.0084,
1018o,unmatched,flanders,RA Gent,Sint-Niklaaskerk,,1298,11,8,,,False,True,,,,0.3451,0.0035,
1021o,unmatched,flanders,RA Gent,Sint-Pietersabdij,,1298,9,10,,,False,True,,,,0.3494,0.0276,
1049o,unmatched,flanders,RA Gent,Sint-Veerle,,1298,12,15,,,False,True,,,,0.3728,0.0254,
1050o,unmatched,flanders,RA Gent,Sint-Veerle,,1298,10,6,,,False,True,,,,0.3354,0.015,
1051o,unmatched,flanders,RA Gent,Sint-Veerle,,1298,10,14,,,False,True,,,,0.362,0.0062,
1059o,unmatched,flanders,RA Gent,Gaillard,470,1298,5,23,,,False,True,,,,0.3431,0.0006,
1060o,unmatched,flanders,RA Gent,chron. suppl. 256,,1299,3,11,,,False,True,,,,0.3547,0.011,
1061o,unmatched,flanders,RA Gent,Saint-Genois,1001,1299,3,27,,,False,True,,,,0.3519,0.0049,
1063o,unmatched,flanders,RA Gent,Saint-Genois,1051,1299,,,1299 vóór sept. 3,,False,True,,,,0.3316,0.0952,
1052o,unmatched,flanders,RA Gent,Nieuwenbosse,,1300,11,18,,,False,True,,,,0.3534,0.0032,
1076o,unmatched,flanders,RA Gent,Sint-Elizabeth,,1300,10,,1300 oktober 2-8,,False,True,,,,0.3556,0.0146,
1088o,unmatched,flanders,RA Gent,begijnhof Aalst,,1300,6,20,,,False,True,,,,0.3442,0.0001,
174o,unmatched,flanders,RA Ronse,abdij Ename,,1279,3,30,,,False,True,,,,0.3771,0.0187,
246o,unmatched,flanders,RA Ronse,hospitaal Geraardsbergen,,1283,6,21,,,False,True,,,,0.3502,0.0059,
510o,unmatched,flanders,RA Ronse,abdij Ninove,,1287,,, 1287 ± juli 1,,False,True,,,,0.3967,0.0218,
1081o,unmatched,flanders,RA Ronse,abdij Ninove,,1290,5,,,,False,True,,,,0.3519,0.0137,
1092o,unmatched,flanders,RA Ronse,hospitaal Geraardsbergen,,1290,6,29,,,False,True,,,,0.335,0.0039,
1093o,unmatched,flanders,RA Ronse,hospitaal Geraardsbergen,,1291,9,,,,False,True,,,,0.3589,0.0031,
1091o,unmatched,flanders,RA Ronse,abdij Geraardsbergen,,1294,8,,,,False,True,,,,0.356,0.0117,
1094o,unmatched,flanders,RA Ronse,hospitaal Geraardsbergen,,1294,2,16,,,False,True,,,,0.3436,0.0163,
1107o,unmatched,flanders,Rijksarchief Brugge,Aanwinsten,1906/13,1291,5,27,,rekening Sint-Janshospitaal Brugge,False,True,,,,0.3115,0.0037,
339o,unmatched,flanders,Rijsel,B,1353/18596,1280,,,,,False,True,,,,0.3517,0.0011,
478o,unmatched,flanders,Rijsel,,28 H 84/1703,1286,7,22,,,False,True,,,,0.3823,0.0049,
1385o,unmatched,flanders,Rijsel,B,234,1290,6,2,,,False,True,,,,0.3639,0.0156,
1360o,unmatched,flanders,Rijsel,B,247,1299,3,27,,,False,True,,,,0.3821,0.0129,
400o,unmatched,flanders,SA Brugge,,32,1284,5,1,,,False,True,,,,0.3441,0.0211,
732o,unmatched,flanders,SA Brugge,,1306/42,1290,1,1,,,False,True,,,,0.2795,0.0069,
851o,unmatched,flanders,SA Brugge,Bogaarden I,17,1292,2,25,,,False,True,,,,0.3058,0.0278,
841o,unmatched,flanders,SA Brugge,,81,1294,12,30,,,False,True,,,,0.3961,0.0015,
845o,unmatched,flanders,SA Brugge,,77,1294,10,21,,,False,True,,,,0.3195,0.0023,
17o,unmatched,flanders,SA Gent,Sint-Jans-ten-Dullen,,1260,12,25,,,False,True,,,,0.3583,0.0065,
70o,unmatched,flanders,SA Gent,,"163, 12 r°",1270,8,22,,,False,True,,,,0.3361,0.0038,
86o,unmatched,flanders,SA Gent,,"163, 13 r°",1272,4,27,,,False,True,,,,0.3235,0.0008,
88o,unmatched,flanders,SA Gent,Bijloke,,1272,8,22,,,False,True,,,,0.3564,0.0216,
96o,unmatched,flanders,SA Gent,Stadscharters,,1273,6,4,,,False,True,,,,0.3715,0.0017,
338o,unmatched,flanders,SA Gent,Groot Begijnhof,,1280,4,28,,,False,True,,,,0.3756,0.0014,
251o,unmatched,flanders,SA Gent,,"163, 13 v°",1281,,,,,False,True,,,,0.3044,0.0033,
473o,unmatched,flanders,SA Gent,Bijloke,,1286,1,2,,,False,True,,,,0.3402,0.0055,
474o,unmatched,flanders,SA Gent,Stadscharters,,1286,7,13,,,False,True,,,,0.3305,0.0016,
663o,unmatched,flanders,SA Gent,Stadscharters,,1290,12,24,,,False,True,,,,0.3849,0.0089,
1008o,unmatched,flanders,SA Gent,Poortakker,,1291,2,26,,,False,True,,,,0.3767,0.0301,
1205o,unmatched,flanders,SA Gent,,"162, 2 r°",1291,,,,,False,True,,,,0.3331,0.0017,
664o,unmatched,flanders,SA Gent,Stadscharters,,1291,2,17,,,False,True,,,,0.3586,0.0037,
665o,unmatched,flanders,SA Gent,Stadscharters,,1291,9,6,,,False,True,,,,0.3471,0.0082,
650o,unmatched,flanders,SA Gent,Stadscharters,,1292,10,8,,,False,True,,,,0.3638,0.0483,
651o,unmatched,flanders,SA Gent,Bijloke,,1294,2,7,,,False,True,,,,0.3684,0.016,
1005o,unmatched,flanders,SA Gent,Poortakker,,1296,12,13,,,False,True,,,,0.3551,0.0075,
653o,unmatched,flanders,SA Gent,Stadscharters,,1297,3,23,,,False,True,,,,0.3492,0.0002,
1004o,unmatched,flanders,SA Gent,Groot Begijnhof,,1298,2,25,,,False,True,,,,0.3521,0.0015,
659o,unmatched,flanders,SA Gent,Groot Begijnhof,,1298,2,25,,,False,True,,,,0.3511,0.0001,
654o,unmatched,flanders,SA Gent,Stadscharters,,1299,,,1299 ± mei 16,,False,True,,,,0.3947,0.0373,
656o,unmatched,flanders,SA Gent,Bijloke,,1299,1,10,,,False,True,,,,0.3842,0.0197,
73o,unmatched,flanders,Sint-Janshospitaal Brugge,,,1271,1,23,,,False,True,,,,0.364,0.0048,
82o,unmatched,flanders,Sint-Janshospitaal Brugge,,,1272,2,13,,,False,True,,,,0.3491,0.0002,
142o,unmatched,flanders,Sint-Janshospitaal Brugge,,,1277,7,,,,False,True,,,,0.3522,0.002,
315o,unmatched,flanders,Sint-Janshospitaal Brugge,,,1280,5,,,,False,True,,,,0.3857,0.0232,
286o,unmatched,flanders,Sint-Janshospitaal Brugge,,,1281,1,,,,False,True,,,,0.3453,0.0006,
489o,unmatched,flanders,Sint-Janshospitaal Brugge,,,1287,5,,,,False,True,,,,0.3473,0.055,
528o,unmatched,flanders,Sint-Janshospitaal Brugge,,,1288,,,1288 (maart 29-mei 15),,False,True,,,,0.2962,0.0015,
588o,unmatched,flanders,Sint-Janshospitaal Brugge,,,1289,5,6,,,False,True,,,,0.3501,0.0082,
972o,unmatched,flanders,Sint-Janshospitaal Brugge,,,1291,7,10,,,False,True,,,,0.2796,0.0076,
979o,unmatched,flanders,Sint-Janshospitaal Brugge,,,1291,3,24,,,False,True,,,,0.3542,0.0165,
980o,unmatched,flanders,Sint-Janshospitaal Brugge,,,1291,3,24,,,False,True,,,,0.3346,0.0005,
783o,unmatched,flanders,Sint-Janshospitaal Brugge,,,1298,5,8,,,False,True,,,,0.3636,0.0044,
1147o,unmatched,flanders,Spermalie Brugge,,,1294,3,2,,,False,True,,,,0.3665,0.0057,
1153o,unmatched,flanders,Spermalie Brugge,,,1295,2,23,,,False,True,,,,0.3498,0.0007,
1156o,unmatched,flanders,Spermalie Brugge,,,1295,11,4,,,False,True,,,,0.3864,0.0004,
1160o,unmatched,flanders,Spermalie Brugge,,,1296,9,11,,,False,True,,,,0.3855,0.0034,
1166o,unmatched,flanders,Spermalie Brugge,,,1298,7,27,,,False,True,,,1345,0.4677,0.032,82
